mu,period,stability
3.4,2,S
3.4005,2,S
3.401,2,S
3.4015,2,S
3.402,2,S
3.4025,2,S
3.403,2,S
3.4035,2,S
3.404,2,S
3.4045,2,S
3.405,2,S
3.4055,2,S
3.406,2,S
3.4065,2,S
3.407,2,S
3.4075,2,S
3.408,2,S
3.4085,2,S
3.4095,2,S
3.41,2,S
3.4105,2,S
3.411,2,S
3.4115,2,S
3.4125,2,S
3.413,2,S
3.4135,2,S
3.414,2,S
3.4145,2,S
3.415,2,S
3.4155,2,S
3.416,2,S
3.4165,2,S
3.417,2,S
3.4175,2,S
3.418,2,S
3.4185,2,S
3.419,2,S
3.4195,2,S
3.42,2,S
3.4205,2,S
3.421,2,S
3.4215,2,S
3.4225,2,S
3.423,2,S
3.4235,2,S
3.424,2,S
3.4245,2,S
3.425,2,S
3.4255,2,S
3.426,2,S
3.4265,2,S
3.427,2,S
3.4275,2,S
3.428,2,S
3.4285,2,S
3.429,2,S
3.4295,2,S
3.43,2,S
3.4305,2,S
3.431,2,S
3.4315,2,S
3.432,2,S
3.4325,2,S
3.433,2,S
3.4335,2,S
3.434,2,S
3.4345,2,S
3.435,2,S
3.4355,2,S
3.436,2,S
3.4365,2,S
3.437,2,S
3.4375,2,S
3.438,2,S
3.4385,2,S
3.439,2,S
3.4395,2,S
3.44,2,S
3.4405,2,S
3.441,2,S
3.4415,2,S
3.442,2,S
3.4425,2,S
3.443,2,S
3.4435,2,S
3.444,2,S
3.445,2,S
3.4455,2,S
3.446,2,S
3.4465,2,S
3.447,2,S
3.4475,2,S
3.448,2,S
3.4485,2,S
3.449,2,S
3.4495,2,U
3.4495,4,S
3.45,2,U
3.45,4,S
3.4505,2,U
3.4505,4,S
3.451,2,U
3.451,4,S
3.4515,2,U
3.4515,4,S
3.452,2,U
3.452,4,S
3.4525,4,S
3.4525,2,U
3.453,2,U
3.453,4,S
3.4535,2,U
3.4535,4,S
3.454,2,U
3.454,4,S
3.4545,2,U
3.4545,4,S
3.455,2,U
3.455,4,S
3.4555,2,U
3.4555,4,S
3.456,4,S
3.456,2,U
3.4565,4,S
3.4565,2,U
3.457,2,U
3.457,4,S
3.4575,2,U
3.4575,4,S
3.458,2,U
3.458,4,S
3.4585,2,U
3.4585,4,S
3.459,2,U
3.459,4,S
3.4595,2,U
3.4595,4,S
3.46,2,U
3.46,4,S
3.4605,4,S
3.4605,2,U
3.461,2,U
3.461,4,S
3.4615,4,S
3.462,2,U
3.462,4,S
3.4625,2,U
3.4625,4,S
3.463,2,U
3.463,4,S
3.4635,2,U
3.4635,4,S
3.464,2,U
3.464,4,S
3.4645,4,S
3.4645,2,U
3.465,2,U
3.465,4,S
3.4655,2,U
3.4655,4,S
3.466,2,U
3.466,4,S
3.4665,2,U
3.4665,4,S
3.467,2,U
3.467,4,S
3.4675,2,U
3.4675,4,S
3.468,4,S
3.468,2,U
3.4685,4,S
3.4685,2,U
3.469,2,U
3.469,4,S
3.4695,2,U
3.4695,4,S
3.47,2,U
3.47,4,S
3.4705,2,U
3.4705,4,S
3.471,2,U
3.471,4,S
3.4715,2,U
3.4715,4,S
3.472,4,S
3.472,2,U
3.4725,4,S
3.4725,2,U
3.473,2,U
3.473,4,S
3.4735,2,U
3.4735,4,S
3.474,2,U
3.474,4,S
3.4745,2,U
3.4745,4,S
3.475,2,U
3.475,4,S
3.4755,2,U
3.4755,4,S
3.476,4,S
3.476,2,U
3.4765,2,U
3.4765,4,S
3.477,2,U
3.477,4,S
3.4775,2,U
3.4775,4,S
3.478,2,U
3.478,4,S
3.4785,2,U
3.4785,4,S
3.479,2,U
3.479,4,S
3.4795,2,U
3.4795,4,S
3.48,4,S
3.48,2,U
3.4805,2,U
3.4805,4,S
3.481,2,U
3.481,4,S
3.4815,2,U
3.4815,4,S
3.482,2,U
3.482,4,S
3.4825,2,U
3.4825,4,S
3.483,2,U
3.483,4,S
3.4835,4,S
3.4835,2,U
3.484,4,S
3.484,2,U
3.4845,2,U
3.4845,4,S
3.485,2,U
3.485,4,S
3.4855,2,U
3.4855,4,S
3.486,2,U
3.486,4,S
3.4865,2,U
3.4865,4,S
3.487,2,U
3.487,4,S
3.4875,2,U
3.4875,4,S
3.488,4,S
3.488,2,U
3.4885,2,U
3.4885,4,S
3.489,2,U
3.489,4,S
3.4895,2,U
3.4895,4,S
3.49,2,U
3.49,4,S
3.4905,2,U
3.4905,4,S
3.491,2,U
3.491,4,S
3.4915,4,S
3.4915,2,U
3.492,2,U
3.492,4,S
3.4925,2,U
3.4925,4,S
3.493,2,U
3.493,4,S
3.4935,2,U
3.4935,4,S
3.494,2,U
3.494,4,S
3.4945,2,U
3.4945,4,S
3.495,2,U
3.495,4,S
3.4955,4,S
3.4955,2,U
3.496,2,U
3.496,4,S
3.4965,2,U
3.4965,4,S
3.497,2,U
3.497,4,S
3.4975,2,U
3.4975,4,S
3.498,2,U
3.498,4,S
3.4985,2,U
3.4985,4,S
3.499,4,S
3.499,2,U
3.4995,4,S
3.4995,2,U
3.5,2,U
3.5,4,S
3.5005,2,U
3.5005,4,S
3.501,2,U
3.501,4,S
3.5015,2,U
3.5015,4,S
3.502,2,U
3.502,4,S
3.5025,2,U
3.5025,4,S
3.503,2,U
3.503,4,S
3.5035,4,S
3.5035,2,U
3.504,2,U
3.504,4,S
3.5045,2,U
3.5045,4,S
3.505,2,U
3.505,4,S
3.5055,2,U
3.5055,4,S
3.506,2,U
3.5065,2,U
3.5065,4,S
3.507,2,U
3.507,4,S
3.5075,4,S
3.5075,2,U
3.508,2,U
3.508,4,S
3.5085,2,U
3.5085,4,S
3.509,2,U
3.509,4,S
3.5095,2,U
3.5095,4,S
3.51,2,U
3.51,4,S
3.5105,2,U
3.5105,4,S
3.511,2,U
3.511,4,S
3.5115,4,S
3.5115,2,U
3.512,2,U
3.512,4,S
3.5125,2,U
3.5125,4,S
3.513,2,U
3.513,4,S
3.5135,2,U
3.5135,4,S
3.514,2,U
3.514,4,S
3.5145,2,U
3.5145,4,S
3.515,4,S
3.515,2,U
3.5155,2,U
3.5155,4,S
3.516,2,U
3.516,4,S
3.5165,2,U
3.5165,4,S
3.517,2,U
3.517,4,S
3.5175,2,U
3.5175,4,S
3.518,2,U
3.518,4,S
3.5185,2,U
3.5185,4,S
3.519,4,S
3.519,2,U
3.5195,4,S
3.52,4,S
3.52,2,U
3.5205,2,U
3.5205,4,S
3.521,2,U
3.521,4,S
3.5215,2,U
3.5215,4,S
3.522,2,U
3.522,4,S
3.5225,2,U
3.5225,4,S
3.523,2,U
3.523,4,S
3.5235,2,U
3.5235,4,S
3.524,4,S
3.5245,2,U
3.5245,4,S
3.525,2,U
3.525,4,S
3.5255,2,U
3.5255,4,S
3.526,2,U
3.526,4,S
3.5265,2,U
3.5265,4,S
3.527,2,U
3.527,4,S
3.5275,2,U
3.5275,4,S
3.528,4,S
3.528,2,U
3.5285,2,U
3.5285,4,S
3.529,2,U
3.529,4,S
3.5295,2,U
3.5295,4,S
3.53,2,U
3.53,4,S
3.5305,2,U
3.5305,4,S
3.531,2,U
3.531,4,S
3.5315,4,S
3.5315,2,U
3.532,2,U
3.532,4,S
3.5325,2,U
3.5325,4,S
3.533,2,U
3.533,4,S
3.5335,2,U
3.5335,4,S
3.534,2,U
3.534,4,S
3.5345,2,U
3.5345,4,S
3.535,2,U
3.535,4,S
3.5355,4,S
3.5355,2,U
3.536,2,U
3.536,4,S
3.5365,2,U
3.5365,4,S
3.537,2,U
3.537,4,S
3.5375,2,U
3.5375,4,S
3.538,2,U
3.538,4,S
3.5385,2,U
3.5385,4,S
3.539,2,U
3.539,4,S
3.5395,4,S
3.5395,2,U
3.54,2,U
3.54,4,S
3.5405,2,U
3.5405,4,S
3.541,2,U
3.541,4,S
3.5415,2,U
3.5415,4,S
3.542,4,S
3.5425,2,U
3.5425,4,S
3.543,4,S
3.543,2,U
3.5435,4,S
3.5435,2,U
3.544,2,U
3.544,4,S
3.5445,2,U
3.5445,4,U
3.5445,8,S
3.545,2,U
3.545,4,U
3.545,8,S
3.5455,2,U
3.5455,4,U
3.5455,8,S
3.546,8,S
3.546,4,U
3.546,2,U
3.5465,2,U
3.5465,4,U
3.5465,8,S
3.547,2,U
3.547,4,U
3.547,8,S
3.5475,2,U
3.5475,8,S
3.548,2,U
3.548,4,U
3.548,8,S
3.5485,4,U
3.5485,8,S
3.5485,2,U
3.549,4,U
3.549,8,S
3.549,2,U
3.5495,4,U
3.5495,8,S
3.5495,2,U
3.55,2,U
3.55,4,U
3.55,8,S
3.5505,2,U
3.5505,4,U
3.5505,8,S
3.551,2,U
3.551,4,U
3.551,8,S
3.5515,2,U
3.5515,4,U
3.552,8,S
3.552,2,U
3.552,4,U
3.5525,2,U
3.5525,4,U
3.5525,8,S
3.553,2,U
3.553,4,U
3.553,8,S
3.5535,8,S
3.5535,2,U
3.5535,4,U
3.554,8,S
3.554,2,U
3.554,4,U
3.5545,2,U
3.5545,4,U
3.5545,8,S
3.555,2,U
3.555,4,U
3.555,8,S
3.5555,2,U
3.5555,4,U
3.5555,8,S
3.556,8,S
3.556,2,U
3.556,4,U
3.5565,2,U
3.5565,4,U
3.5565,8,S
3.557,2,U
3.557,4,U
3.557,8,S
3.5575,2,U
3.5575,4,U
3.5575,8,S
3.558,8,S
3.558,4,U
3.558,2,U
3.5585,8,S
3.5585,2,U
3.5585,4,U
3.559,2,U
3.559,4,U
3.5595,2,U
3.5595,4,U
3.5595,8,S
3.56,2,U
3.56,4,U
3.56,8,S
3.5605,2,U
3.5605,8,S
3.561,4,U
3.561,8,S
3.561,2,U
3.5615,2,U
3.5615,4,U
3.5615,8,S
3.562,2,U
3.562,4,U
3.562,8,S
3.5625,8,S
3.5625,4,U
3.5625,2,U
3.563,2,U
3.563,4,U
3.563,8,S
3.5635,2,U
3.5635,4,U
3.5635,8,S
3.564,2,U
3.564,4,U
3.564,8,S
3.5645,8,U
3.5645,4,U
3.5645,2,U
3.565,2,U
3.565,4,U
3.565,8,U
3.5655,4,U
3.5655,8,U
3.566,2,U
3.566,4,U
3.566,8,U
3.5665,8,U
3.5665,16,S
3.5665,4,U
3.5665,2,U
3.567,4,U
3.567,8,U
3.5675,4,U
3.5675,2,U
3.5675,8,U
3.568,2,U
3.568,4,U
3.568,8,U
3.5685,4,U
3.5685,2,U
3.5685,8,U
3.569,4,U
3.569,8,U
3.569,2,U
3.5695,2,U
3.5695,4,U
3.5695,8,U
3.57,4,U
3.57,8,U
3.57,16,U
3.57,2,U
3.5705,2,U
3.5705,4,U
3.5705,8,U
3.571,4,U
3.571,2,U
3.571,8,U
3.5715,4,U
3.5715,2,U
3.5715,8,U
3.572,8,U
3.572,2,U
3.572,4,U
3.5725,2,U
3.5725,4,U
3.5725,8,U
3.573,4,U
3.573,8,U
3.573,2,U
3.5735,2,U
3.5735,4,U
3.5735,8,U
3.574,4,U
3.574,2,U
3.574,8,U
3.5745,2,U
3.5745,4,U
3.5745,8,U
3.575,8,U
3.575,2,U
3.575,4,U
3.5755,2,U
3.5755,4,U
3.5755,8,U
3.576,2,U
3.576,4,U
3.576,8,U
3.5765,2,U
3.5765,4,U
3.5765,8,U
3.577,2,U
3.577,4,U
3.577,8,U
3.5775,8,U
3.5775,4,U
3.5775,2,U
3.578,4,U
3.578,8,U
3.578,2,U
3.5785,2,U
3.5785,4,U
3.5785,8,U
3.579,2,U
3.579,4,U
3.579,8,U
3.5795,2,U
3.5795,4,U
3.5795,8,U
3.58,8,U
3.58,2,U
3.58,4,U
3.5805,2,U
3.5805,4,U
3.5805,8,U
3.581,8,U
3.581,2,U
3.581,4,U
3.5815,2,U
3.5815,4,U
3.5815,8,U
3.582,2,U
3.582,4,U
3.582,8,U
3.5825,2,U
3.5825,4,U
3.5825,8,U
3.583,2,U
3.583,4,U
3.583,8,U
3.5835,2,U
3.5835,4,U
3.5835,8,U
3.584,4,U
3.584,2,U
3.584,8,U
3.5845,4,U
3.5845,8,U
3.5845,2,U
3.585,2,U
3.585,4,U
3.585,8,U
3.585,12,U
3.5855,2,U
3.5855,4,U
3.5855,8,U
3.586,2,U
3.586,4,U
3.586,8,U
3.5865,8,U
3.5865,2,U
3.5865,4,U
3.587,8,U
3.587,2,U
3.587,4,U
3.5875,2,U
3.5875,8,U
3.5875,4,U
3.588,4,U
3.588,8,U
3.588,2,U
3.5885,2,U
3.5885,4,U
3.5885,8,U
3.589,2,U
3.589,4,U
3.589,8,U
3.5895,2,U
3.5895,4,U
3.5895,8,U
3.59,4,U
3.59,8,U
3.59,2,U
3.5905,8,U
3.5905,4,U
3.5905,2,U
3.591,2,U
3.591,4,U
3.591,8,U
3.5915,2,U
3.5915,4,U
3.5915,8,U
3.592,2,U
3.592,4,U
3.592,8,U
3.5925,4,U
3.5925,8,U
3.5925,2,U
3.593,8,U
3.593,2,U
3.593,4,U
3.5935,4,U
3.5935,2,U
3.594,8,U
3.594,4,U
3.594,2,U
3.5945,8,U
3.5945,2,U
3.5945,4,U
3.595,4,U
3.595,2,U
3.595,8,U
3.595,12,U
3.5955,2,U
3.5955,4,U
3.5955,8,U
3.596,2,U
3.596,8,U
3.5965,4,U
3.5965,8,U
3.597,8,U
3.597,2,U
3.597,4,U
3.5975,2,U
3.5975,4,U
3.598,8,U
3.598,2,U
3.598,4,U
3.5985,4,U
3.5985,2,U
3.5985,8,U
3.599,2,U
3.599,4,U
3.599,8,U
3.5995,8,U
3.5995,4,U
3.5995,2,U
3.6,8,U
3.6,2,U
3.6,12,U
3.6,4,U
3.6005,2,U
3.6005,4,U
3.6005,8,U
3.601,2,U
3.601,4,U
3.601,8,U
3.6015,4,U
3.6015,8,U
3.6015,2,U
3.602,8,U
3.602,4,U
3.602,2,U
3.6025,8,U
3.6025,2,U
3.6025,4,U
3.603,8,U
3.603,4,U
3.603,2,U
3.6035,4,U
3.6035,2,U
3.604,8,U
3.604,4,U
3.604,2,U
3.6045,8,U
3.6045,4,U
3.6045,2,U
3.605,14,U
3.605,2,U
3.605,8,U
3.605,4,U
3.6055,2,U
3.6055,4,U
3.6055,8,U
3.606,10,U
3.606,8,U
3.606,4,U
3.606,2,U
3.6065,10,U
3.6065,2,U
3.6065,4,U
3.6065,8,U
3.607,2,U
3.607,10,U
3.607,8,U
3.607,4,U
3.6075,10,U
3.6075,8,U
3.6075,4,U
3.6075,2,U
3.608,4,U
3.608,8,U
3.608,10,U
3.608,2,U
3.6085,8,U
3.6085,2,U
3.6085,4,U
3.6085,10,U
3.609,10,U
3.609,2,U
3.609,8,U
3.6095,2,U
3.6095,4,U
3.6095,8,U
3.6095,10,U
3.61,14,U
3.61,10,U
3.61,18,U
3.61,2,U
3.61,12,U
3.61,8,U
3.61,4,U
3.6105,10,U
3.6105,2,U
3.6105,4,U
3.611,10,U
3.611,8,U
3.611,4,U
3.611,2,U
3.6115,10,U
3.6115,8,U
3.6115,4,U
3.612,2,U
3.612,8,U
3.612,4,U
3.6125,4,U
3.6125,2,U
3.6125,10,U
3.6125,8,U
3.613,4,U
3.613,2,U
3.613,10,U
3.613,8,U
3.6135,10,U
3.6135,8,U
3.6135,4,U
3.6135,2,U
3.614,4,U
3.614,2,U
3.614,8,U
3.614,10,U
3.6145,10,U
3.6145,8,U
3.6145,4,U
3.6145,2,U
3.615,14,U
3.615,10,U
3.615,8,U
3.615,4,U
3.615,2,U
3.615,12,U
3.6155,10,U
3.6155,4,U
3.6155,2,U
3.6155,8,U
3.616,10,U
3.616,8,U
3.616,4,U
3.616,2,U
3.6165,10,U
3.6165,8,U
3.6165,4,U
3.6165,2,U
3.617,10,U
3.617,8,U
3.617,4,U
3.617,2,U
3.6175,8,U
3.6175,2,U
3.6175,4,U
3.618,2,U
3.618,4,U
3.618,8,U
3.6185,2,U
3.6185,4,U
3.6185,8,U
3.6185,10,U
3.619,2,U
3.619,4,U
3.619,8,U
3.619,10,U
3.6195,8,U
3.6195,4,U
3.6195,2,U
3.6195,10,U
3.62,14,U
3.62,10,U
3.62,8,U
3.62,4,U
3.62,2,U
3.62,12,U
3.6205,10,U
3.6205,8,U
3.6205,4,U
3.6205,2,U
3.621,4,U
3.621,2,U
3.621,10,U
3.6215,10,U
3.6215,2,U
3.6215,4,U
3.6215,8,U
3.622,2,U
3.622,4,U
3.622,8,U
3.622,10,U
3.6225,2,U
3.6225,4,U
3.6225,8,U
3.6225,10,U
3.623,10,U
3.623,4,U
3.623,8,U
3.6235,2,U
3.6235,4,U
3.6235,8,U
3.6235,10,U
3.624,2,U
3.624,4,U
3.624,8,U
3.6245,2,U
3.6245,4,U
3.6245,10,U
3.625,2,U
3.625,4,U
3.625,8,U
3.625,10,U
3.6255,10,U
3.6255,8,U
3.6255,2,U
3.6255,4,U
3.626,10,U
3.626,8,U
3.626,4,U
3.626,2,U
3.6265,10,U
3.6265,8,U
3.6265,2,U
3.6265,4,U
3.627,8,U
3.627,6,S
3.627,4,U
3.627,2,U
3.627,10,U
3.6275,6,U
3.6275,8,U
3.6275,6,S
3.6275,4,U
3.6275,2,U
3.628,10,U
3.628,8,U
3.628,6,U
3.628,6,S
3.628,4,U
3.628,2,U
3.6285,10,U
3.6285,4,U
3.6285,2,U
3.6285,8,U
3.6285,6,S
3.6285,6,U
3.629,2,U
3.629,6,S
3.629,8,U
3.629,10,U
3.629,4,U
3.6295,2,U
3.6295,4,U
3.6295,6,S
3.6295,8,U
3.6295,10,U
3.6295,6,U
3.63,6,U
3.63,2,U
3.63,12,U
3.63,14,U
3.63,6,S
3.63,8,U
3.63,4,U
3.63,10,U
3.6305,10,U
3.6305,8,U
3.6305,6,U
3.6305,4,U
3.6305,2,U
3.631,10,U
3.631,8,U
3.631,6,U
3.631,4,U
3.631,2,U
3.6315,8,U
3.6315,6,U
3.6315,4,U
3.6315,2,U
3.632,6,U
3.632,4,U
3.632,2,U
3.632,8,U
3.632,10,U
3.6325,2,U
3.6325,4,U
3.6325,6,U
3.6325,10,U
3.633,2,U
3.633,6,U
3.633,10,U
3.633,8,U
3.6335,2,U
3.6335,10,U
3.6335,8,U
3.6335,6,U
3.6335,4,U
3.634,4,U
3.634,6,U
3.634,10,U
3.634,8,U
3.634,2,U
3.6345,10,U
3.6345,8,U
3.6345,6,U
3.6345,4,U
3.6345,2,U
3.635,12,U
3.635,14,U
3.635,16,U
3.635,2,U
3.635,4,U
3.635,6,U
3.635,8,U
3.635,10,U
3.6355,4,U
3.6355,2,U
3.6355,6,U
3.6355,8,U
3.636,10,U
3.636,8,U
3.636,6,U
3.636,2,U
3.636,4,U
3.6365,4,U
3.6365,2,U
3.6365,8,U
3.6365,10,U
3.6365,6,U
3.637,10,U
3.637,8,U
3.637,6,U
3.637,2,U
3.637,4,U
3.6375,8,U
3.6375,2,U
3.6375,4,U
3.6375,6,U
3.6375,10,U
3.638,8,U
3.638,10,U
3.638,6,U
3.638,4,U
3.638,2,U
3.6385,10,U
3.6385,8,U
3.6385,6,U
3.6385,4,U
3.6385,2,U
3.639,8,U
3.639,2,U
3.639,4,U
3.639,10,U
3.639,6,U
3.6395,2,U
3.6395,4,U
3.6395,6,U
3.6395,8,U
3.6395,10,U
3.64,10,U
3.64,2,U
3.64,4,U
3.64,6,U
3.64,8,U
3.64,14,U
3.64,12,U
3.64,26,U
3.6405,10,U
3.6405,6,U
3.6405,4,U
3.6405,2,U
3.6405,8,U
3.641,2,U
3.641,4,U
3.641,6,U
3.641,8,U
3.641,10,U
3.6415,2,U
3.6415,4,U
3.6415,6,U
3.6415,10,U
3.642,4,U
3.642,8,U
3.642,10,U
3.642,2,U
3.642,6,U
3.6425,2,U
3.6425,4,U
3.6425,6,U
3.6425,8,U
3.6425,10,U
3.643,8,U
3.643,10,U
3.643,2,U
3.643,6,U
3.6435,2,U
3.6435,4,U
3.6435,6,U
3.6435,8,U
3.6435,10,U
3.644,2,U
3.644,10,U
3.644,8,U
3.644,4,U
3.644,6,U
3.6445,10,U
3.6445,2,U
3.6445,4,U
3.6445,6,U
3.6445,8,U
3.645,10,U
3.645,26,U
3.645,14,U
3.645,12,U
3.645,2,U
3.645,4,U
3.645,6,U
3.645,8,U
3.6455,10,U
3.6455,6,U
3.6455,8,U
3.6455,2,U
3.6455,4,U
3.646,2,U
3.646,4,U
3.646,6,U
3.646,8,U
3.646,10,U
3.6465,6,U
3.6465,2,U
3.6465,4,U
3.6465,8,U
3.6465,10,U
3.647,10,U
3.647,2,U
3.647,4,U
3.647,8,U
3.647,6,U
3.6475,4,U
3.6475,6,U
3.6475,8,U
3.6475,10,U
3.6475,2,U
3.648,4,U
3.648,2,U
3.648,10,U
3.648,6,U
3.648,8,U
3.6485,2,U
3.6485,4,U
3.6485,6,U
3.6485,8,U
3.6485,10,U
3.649,10,U
3.649,2,U
3.649,6,U
3.649,8,U
3.6495,2,U
3.6495,4,U
3.6495,6,U
3.6495,8,U
3.6495,10,U
3.65,20,U
3.65,2,U
3.65,4,U
3.65,6,U
3.65,8,U
3.65,30,U
3.65,12,U
3.65,10,U
3.6505,10,U
3.6505,6,U
3.6505,4,U
3.6505,8,U
3.6505,2,U
3.651,6,U
3.651,2,U
3.651,4,U
3.651,8,U
3.651,10,U
3.6515,2,U
3.6515,4,U
3.6515,6,U
3.6515,10,U
3.6515,8,U
3.652,10,U
3.652,2,U
3.652,4,U
3.652,6,U
3.652,8,U
3.6525,10,U
3.6525,8,U
3.6525,4,U
3.6525,2,U
3.6525,6,U
3.653,2,U
3.653,4,U
3.653,6,U
3.653,8,U
3.653,10,U
3.6535,2,U
3.6535,4,U
3.6535,6,U
3.6535,8,U
3.6535,10,U
3.654,4,U
3.654,2,U
3.654,6,U
3.654,10,U
3.654,8,U
3.6545,6,U
3.6545,8,U
3.6545,10,U
3.6545,2,U
3.655,14,U
3.655,12,U
3.655,10,U
3.655,8,U
3.655,4,U
3.655,2,U
3.655,18,U
3.655,6,U
3.6555,2,U
3.6555,4,U
3.6555,6,U
3.6555,10,U
3.6555,8,U
3.656,6,U
3.656,2,U
3.656,4,U
3.656,8,U
3.656,10,U
3.6565,2,U
3.6565,4,U
3.6565,6,U
3.6565,8,U
3.6565,10,U
3.657,2,U
3.657,4,U
3.657,6,U
3.657,8,U
3.657,10,U
3.6575,10,U
3.6575,8,U
3.6575,4,U
3.6575,2,U
3.6575,6,U
3.658,2,U
3.658,4,U
3.658,6,U
3.658,8,U
3.658,10,U
3.6585,4,U
3.6585,6,U
3.6585,8,U
3.6585,10,U
3.659,6,U
3.659,2,U
3.659,4,U
3.659,8,U
3.659,10,U
3.6595,2,U
3.6595,4,U
3.6595,6,U
3.6595,8,U
3.6595,10,U
3.66,8,U
3.66,10,U
3.66,6,U
3.66,4,U
3.66,18,U
3.66,16,U
3.66,12,U
3.66,14,U
3.66,2,U
3.6605,2,U
3.6605,4,U
3.6605,6,U
3.6605,8,U
3.6605,10,U
3.661,4,U
3.661,10,U
3.661,6,U
3.661,8,U
3.661,2,U
3.6615,2,U
3.6615,4,U
3.6615,6,U
3.6615,8,U
3.6615,10,U
3.662,10,U
3.662,4,U
3.662,6,U
3.662,8,U
3.662,2,U
3.6625,2,U
3.6625,4,U
3.6625,6,U
3.6625,8,U
3.6625,10,U
3.663,2,U
3.663,4,U
3.663,6,U
3.663,10,U
3.663,8,U
3.6635,8,U
3.6635,6,U
3.6635,4,U
3.6635,2,U
3.6635,10,U
3.664,6,U
3.664,4,U
3.664,2,U
3.664,10,U
3.664,8,U
3.6645,2,U
3.6645,4,U
3.6645,6,U
3.6645,8,U
3.6645,10,U
3.665,14,U
3.665,2,U
3.665,10,U
3.665,8,U
3.665,16,U
3.665,4,U
3.665,12,U
3.665,6,U
3.6655,2,U
3.6655,6,U
3.6655,8,U
3.6655,10,U
3.6655,4,U
3.666,8,U
3.666,2,U
3.666,4,U
3.666,6,U
3.666,10,U
3.6665,10,U
3.6665,8,U
3.6665,6,U
3.6665,4,U
3.6665,2,U
3.667,2,U
3.667,10,U
3.667,4,U
3.667,6,U
3.667,8,U
3.6675,2,U
3.6675,6,U
3.6675,8,U
3.6675,10,U
3.6675,4,U
3.668,2,U
3.668,4,U
3.668,6,U
3.668,8,U
3.668,10,U
3.6685,10,U
3.6685,4,U
3.6685,8,U
3.6685,2,U
3.6685,6,U
3.669,2,U
3.669,4,U
3.669,6,U
3.669,8,U
3.669,10,U
3.6695,8,U
3.6695,4,U
3.6695,2,U
3.6695,10,U
3.6695,6,U
3.67,2,U
3.67,4,U
3.67,6,U
3.67,8,U
3.67,10,U
3.67,12,U
3.67,16,U
3.67,14,U
3.6705,8,U
3.6705,2,U
3.6705,4,U
3.6705,10,U
3.6705,6,U
3.671,6,U
3.671,2,U
3.671,4,U
3.671,8,U
3.671,10,U
3.6715,2,U
3.6715,4,U
3.6715,6,U
3.6715,8,U
3.6715,10,U
3.672,2,U
3.672,4,U
3.672,6,U
3.672,8,U
3.672,10,U
3.6725,8,U
3.6725,6,U
3.6725,10,U
3.6725,2,U
3.6725,4,U
3.673,2,U
3.673,4,U
3.673,6,U
3.673,8,U
3.673,10,S
3.673,10,U
3.6735,10,U
3.6735,8,U
3.6735,6,U
3.6735,2,U
3.6735,4,U
3.674,2,U
3.674,4,U
3.674,6,U
3.674,8,U
3.674,10,U
3.6745,4,U
3.6745,2,U
3.6745,6,U
3.6745,8,U
3.6745,10,U
3.675,8,U
3.675,10,U
3.675,4,U
3.675,2,U
3.675,6,U
3.675,12,U
3.675,14,U
3.675,18,U
3.675,16,U
3.6755,2,U
3.6755,4,U
3.6755,6,U
3.6755,8,U
3.6755,10,U
3.676,4,U
3.676,2,U
3.676,6,U
3.676,8,U
3.676,10,U
3.6765,8,U
3.6765,6,U
3.6765,4,U
3.6765,10,U
3.6765,2,U
3.677,2,U
3.677,6,U
3.677,8,U
3.677,10,U
3.677,4,U
3.6775,4,U
3.6775,6,U
3.6775,8,U
3.6775,10,U
3.678,2,U
3.678,4,U
3.678,6,U
3.678,8,U
3.678,10,U
3.6785,2,U
3.6785,4,U
3.6785,6,U
3.6785,8,U
3.6785,10,U
3.679,2,U
3.679,4,U
3.679,6,U
3.679,8,U
3.679,10,U
3.6795,2,U
3.6795,4,U
3.6795,6,U
3.6795,8,U
3.6795,10,U
3.68,8,U
3.68,6,U
3.68,10,U
3.68,2,U
3.68,14,U
3.68,4,U
3.68,12,U
3.68,13,U
3.68,18,U
3.68,17,U
3.68,16,U
3.6805,10,U
3.6805,8,U
3.6805,6,U
3.6805,4,U
3.6805,2,U
3.681,8,U
3.681,10,U
3.681,2,U
3.681,4,U
3.681,6,U
3.6815,8,U
3.6815,10,U
3.6815,6,U
3.6815,4,U
3.6815,2,U
3.682,6,U
3.682,8,U
3.682,10,U
3.682,11,U
3.682,2,U
3.682,4,U
3.6825,11,U
3.6825,2,U
3.6825,6,U
3.6825,8,U
3.6825,10,U
3.683,2,U
3.683,4,U
3.683,6,U
3.683,8,U
3.683,10,U
3.6835,2,U
3.6835,4,U
3.6835,6,U
3.6835,8,U
3.6835,10,U
3.6835,11,U
3.684,11,U
3.684,10,U
3.684,8,U
3.684,4,U
3.684,2,U
3.684,6,U
3.6845,2,U
3.6845,4,U
3.6845,6,U
3.6845,8,U
3.6845,10,U
3.685,8,U
3.685,13,U
3.685,4,U
3.685,6,U
3.685,2,U
3.685,10,U
3.685,14,U
3.685,18,U
3.685,16,U
3.685,15,U
3.685,11,U
3.685,12,U
3.6855,11,U
3.6855,2,U
3.6855,4,U
3.6855,6,U
3.6855,10,U
3.6855,8,U
3.686,10,U
3.686,8,U
3.686,6,U
3.686,4,U
3.686,2,U
3.686,11,U
3.6865,2,U
3.6865,6,U
3.6865,8,U
3.6865,10,U
3.6865,11,U
3.6865,4,U
3.687,10,U
3.687,2,U
3.687,4,U
3.687,6,U
3.687,8,U
3.6875,2,U
3.6875,6,U
3.6875,4,U
3.6875,8,U
3.6875,9,U
3.6875,10,U
3.688,10,U
3.688,2,U
3.688,4,U
3.688,6,U
3.688,8,U
3.688,9,U
3.6885,11,U
3.6885,10,U
3.6885,9,U
3.6885,8,U
3.6885,6,U
3.6885,4,U
3.6885,2,U
3.689,9,U
3.689,10,U
3.689,8,U
3.689,2,U
3.689,4,U
3.689,6,U
3.6895,10,U
3.6895,6,U
3.6895,11,U
3.6895,9,U
3.6895,2,U
3.6895,4,U
3.6895,8,U
3.69,2,U
3.69,4,U
3.69,6,U
3.69,8,U
3.69,10,U
3.69,9,U
3.69,12,U
3.69,20,U
3.69,18,U
3.69,16,U
3.69,15,U
3.69,13,U
3.69,11,U
3.6905,9,U
3.6905,2,U
3.6905,4,U
3.6905,6,U
3.6905,8,U
3.6905,11,U
3.6905,10,U
3.691,4,U
3.691,2,U
3.691,6,U
3.691,8,U
3.691,9,U
3.691,10,U
3.691,11,U
3.6915,10,U
3.6915,11,U
3.6915,2,U
3.6915,4,U
3.6915,6,U
3.6915,9,U
3.6915,8,U
3.692,8,U
3.692,2,U
3.692,9,U
3.692,10,U
3.692,11,U
3.692,4,U
3.692,6,U
3.6925,2,U
3.6925,6,U
3.6925,8,U
3.6925,9,U
3.6925,10,U
3.6925,11,U
3.693,2,U
3.693,6,U
3.693,8,U
3.693,10,U
3.693,11,U
3.693,4,U
3.693,9,U
3.6935,2,U
3.6935,4,U
3.6935,6,U
3.6935,8,U
3.6935,9,U
3.6935,10,U
3.6935,11,U
3.694,4,U
3.694,6,U
3.694,2,U
3.694,8,U
3.694,9,U
3.694,10,U
3.694,11,U
3.6945,11,U
3.6945,10,U
3.6945,4,U
3.6945,6,U
3.6945,8,U
3.6945,9,U
3.6945,2,U
3.695,12,U
3.695,13,U
3.695,14,U
3.695,15,U
3.695,16,U
3.695,17,U
3.695,18,U
3.695,20,U
3.695,2,U
3.695,4,U
3.695,6,U
3.695,8,U
3.695,9,U
3.695,10,U
3.695,11,U
3.6955,4,U
3.6955,2,U
3.6955,6,U
3.6955,8,U
3.6955,9,U
3.6955,10,U
3.6955,11,U
3.696,11,U
3.696,9,U
3.696,10,U
3.696,8,U
3.696,2,U
3.696,4,U
3.696,6,U
3.6965,2,U
3.6965,6,U
3.6965,8,U
3.6965,9,U
3.6965,10,U
3.6965,11,U
3.697,11,U
3.697,10,U
3.697,9,U
3.697,2,U
3.697,6,U
3.697,4,U
3.697,8,U
3.6975,8,U
3.6975,2,U
3.6975,4,U
3.6975,6,U
3.6975,9,U
3.6975,10,U
3.6975,11,U
3.698,2,U
3.698,4,U
3.698,6,U
3.698,8,U
3.698,9,U
3.698,10,U
3.698,11,U
3.6985,11,U
3.6985,10,U
3.6985,9,U
3.6985,2,U
3.6985,6,U
3.6985,4,U
3.6985,8,U
3.699,10,U
3.699,11,U
3.699,8,U
3.699,9,U
3.699,4,U
3.699,2,U
3.699,6,U
3.6995,11,U
3.6995,2,U
3.6995,4,U
3.6995,6,U
3.6995,8,U
3.6995,9,U
3.6995,10,U
3.7,16,U
3.7,15,U
3.7,14,U
3.7,13,U
3.7,18,U
3.7,19,U
3.7,20,U
3.7,27,U
3.7,12,U
3.7,17,U
3.7,6,U
3.7,11,U
3.7,10,U
3.7,9,U
3.7,8,U
3.7,4,U
3.7,2,U
3.7005,6,U
3.7005,2,U
3.7005,10,U
3.7005,11,U
3.7005,9,U
3.7005,8,U
3.701,2,U
3.701,4,U
3.701,6,U
3.701,9,U
3.701,10,U
3.701,11,U
3.701,8,U
3.7015,11,U
3.7015,2,U
3.7015,4,U
3.7015,6,U
3.7015,8,U
3.7015,9,U
3.7015,10,U
3.702,2,U
3.702,4,U
3.702,6,U
3.702,7,U
3.702,7,S
3.702,8,U
3.702,10,U
3.702,11,U
3.702,9,U
3.7025,10,U
3.7025,11,U
3.7025,9,U
3.7025,2,U
3.7025,4,U
3.7025,6,U
3.7025,7,U
3.7025,8,U
3.703,2,U
3.703,4,U
3.703,6,U
3.703,7,U
3.703,8,U
3.703,11,U
3.703,9,U
3.703,10,U
3.7035,2,U
3.7035,4,U
3.7035,6,U
3.7035,7,U
3.7035,8,U
3.7035,9,U
3.7035,10,U
3.7035,11,U
3.704,9,U
3.704,2,U
3.704,6,U
3.704,7,U
3.704,8,U
3.704,10,U
3.704,4,U
3.704,11,U
3.7045,2,U
3.7045,11,U
3.7045,9,U
3.7045,8,U
3.7045,10,U
3.7045,7,U
3.7045,6,U
3.7045,4,U
3.705,18,U
3.705,16,U
3.705,15,U
3.705,14,U
3.705,13,U
3.705,19,U
3.705,17,U
3.705,12,U
3.705,22,U
3.705,21,U
3.705,2,U
3.705,4,U
3.705,6,U
3.705,7,U
3.705,8,U
3.705,9,U
3.705,10,U
3.705,11,U
3.7055,4,U
3.7055,6,U
3.7055,7,U
3.7055,8,U
3.7055,9,U
3.7055,10,U
3.7055,11,U
3.7055,2,U
3.706,2,U
3.706,4,U
3.706,6,U
3.706,7,U
3.706,8,U
3.706,9,U
3.706,10,U
3.706,11,U
3.7065,7,U
3.7065,2,U
3.7065,4,U
3.7065,6,U
3.7065,8,U
3.7065,9,U
3.7065,10,U
3.7065,11,U
3.707,7,U
3.707,4,U
3.707,6,U
3.707,8,U
3.707,9,U
3.707,10,U
3.707,11,U
3.707,2,U
3.7075,9,U
3.7075,8,U
3.7075,6,U
3.7075,7,U
3.7075,2,U
3.7075,11,U
3.7075,4,U
3.7075,10,U
3.708,2,U
3.708,4,U
3.708,6,U
3.708,7,U
3.708,8,U
3.708,9,U
3.708,10,U
3.708,11,U
3.7085,7,U
3.7085,2,U
3.7085,4,U
3.7085,6,U
3.7085,8,U
3.7085,9,U
3.7085,10,U
3.709,11,U
3.709,10,U
3.709,9,U
3.709,8,U
3.709,6,U
3.709,4,U
3.709,2,U
3.709,7,U
3.7095,10,U
3.7095,11,U
3.7095,9,U
3.7095,4,U
3.7095,7,U
3.7095,6,U
3.7095,8,U
3.71,22,U
3.71,14,U
3.71,28,U
3.71,15,U
3.71,17,U
3.71,18,U
3.71,20,U
3.71,24,U
3.71,10,U
3.71,12,U
3.71,2,U
3.71,4,U
3.71,6,U
3.71,7,U
3.71,8,U
3.71,9,U
3.71,13,U
3.71,11,U
3.7105,2,U
3.7105,4,U
3.7105,11,U
3.7105,10,U
3.7105,9,U
3.7105,8,U
3.7105,7,U
3.7105,6,U
3.711,8,U
3.711,6,U
3.711,10,U
3.711,11,U
3.711,4,U
3.711,2,U
3.711,7,U
3.711,9,U
3.7115,10,U
3.7115,11,U
3.7115,9,U
3.7115,8,U
3.7115,7,U
3.7115,6,U
3.7115,4,U
3.7115,2,U
3.712,7,U
3.712,6,U
3.712,2,U
3.712,4,U
3.712,8,U
3.712,9,U
3.712,10,U
3.712,11,U
3.7125,10,U
3.7125,11,U
3.7125,8,U
3.7125,2,U
3.7125,4,U
3.7125,9,U
3.7125,7,U
3.7125,6,U
3.713,11,U
3.713,9,U
3.713,8,U
3.713,7,U
3.713,4,U
3.713,2,U
3.713,10,U
3.713,6,U
3.7135,6,U
3.7135,11,U
3.7135,10,U
3.7135,9,U
3.7135,8,U
3.7135,7,U
3.7135,4,U
3.7135,2,U
3.714,7,U
3.714,8,U
3.714,9,U
3.714,10,U
3.714,4,U
3.714,2,U
3.714,6,U
3.714,11,U
3.7145,2,U
3.7145,4,U
3.7145,6,U
3.7145,7,U
3.7145,8,U
3.7145,9,U
3.7145,10,U
3.7145,11,U
3.715,12,U
3.715,20,U
3.715,21,U
3.715,11,U
3.715,10,U
3.715,9,U
3.715,8,U
3.715,7,U
3.715,6,U
3.715,4,U
3.715,2,U
3.715,19,U
3.715,17,U
3.715,15,U
3.715,14,U
3.715,23,U
3.715,13,U
3.7155,2,U
3.7155,4,U
3.7155,6,U
3.7155,7,U
3.7155,8,U
3.7155,9,U
3.7155,11,U
3.7155,10,U
3.716,2,U
3.716,6,U
3.716,7,U
3.716,8,U
3.716,9,U
3.716,10,U
3.716,11,U
3.716,4,U
3.7165,2,U
3.7165,4,U
3.7165,6,U
3.7165,7,U
3.7165,8,U
3.7165,11,U
3.7165,10,U
3.7165,9,U
3.717,2,U
3.717,4,U
3.717,6,U
3.717,7,U
3.717,8,U
3.717,9,U
3.717,10,U
3.717,11,U
3.7175,7,U
3.7175,10,U
3.7175,11,U
3.7175,6,U
3.7175,2,U
3.7175,8,U
3.7175,9,U
3.7175,4,U
3.718,4,U
3.718,6,U
3.718,7,U
3.718,8,U
3.718,9,U
3.718,10,U
3.718,11,U
3.718,2,U
3.7185,11,U
3.7185,10,U
3.7185,9,U
3.7185,6,U
3.7185,4,U
3.7185,2,U
3.7185,8,U
3.7185,7,U
3.719,2,U
3.719,4,U
3.719,6,U
3.719,7,U
3.719,8,U
3.719,9,U
3.719,10,U
3.719,11,U
3.7195,6,U
3.7195,9,U
3.7195,2,U
3.7195,7,U
3.7195,8,U
3.7195,10,U
3.7195,11,U
3.7195,4,U
3.72,29,U
3.72,21,U
3.72,19,U
3.72,18,U
3.72,17,U
3.72,16,U
3.72,14,U
3.72,13,U
3.72,12,U
3.72,6,U
3.72,11,U
3.72,4,U
3.72,7,U
3.72,8,U
3.72,2,U
3.72,9,U
3.72,10,U
3.7205,11,U
3.7205,9,U
3.7205,8,U
3.7205,7,U
3.7205,6,U
3.7205,4,U
3.7205,10,U
3.7205,2,U
3.721,2,U
3.721,4,U
3.721,6,U
3.721,7,U
3.721,8,U
3.721,9,U
3.721,10,U
3.721,11,U
3.7215,9,U
3.7215,11,U
3.7215,10,U
3.7215,8,U
3.7215,7,U
3.7215,6,U
3.7215,4,U
3.7215,2,U
3.722,2,U
3.722,4,U
3.722,6,U
3.722,7,U
3.722,8,U
3.722,9,U
3.722,10,U
3.722,11,U
3.7225,11,U
3.7225,9,U
3.7225,10,U
3.7225,8,U
3.7225,4,U
3.7225,6,U
3.7225,7,U
3.7225,2,U
3.723,10,U
3.723,9,U
3.723,8,U
3.723,7,U
3.723,11,U
3.723,4,U
3.723,2,U
3.723,6,U
3.7235,2,U
3.7235,4,U
3.7235,6,U
3.7235,7,U
3.7235,8,U
3.7235,9,U
3.7235,10,U
3.7235,11,U
3.724,9,U
3.724,11,U
3.724,10,U
3.724,8,U
3.724,2,U
3.724,6,U
3.724,4,U
3.724,7,U
3.7245,10,U
3.7245,8,U
3.7245,9,U
3.7245,7,U
3.7245,11,U
3.7245,4,U
3.7245,2,U
3.7245,6,U
3.725,17,U
3.725,18,U
3.725,21,U
3.725,23,U
3.725,14,U
3.725,13,U
3.725,12,U
3.725,11,U
3.725,15,U
3.725,16,U
3.725,2,U
3.725,4,U
3.725,6,U
3.725,7,U
3.725,9,U
3.725,8,U
3.725,10,U
3.7255,2,U
3.7255,10,U
3.7255,11,U
3.7255,9,U
3.7255,8,U
3.7255,7,U
3.7255,6,U
3.7255,4,U
3.726,6,U
3.726,7,U
3.726,2,U
3.726,9,U
3.726,10,U
3.726,11,U
3.726,4,U
3.726,8,U
3.7265,9,U
3.7265,10,U
3.7265,11,U
3.7265,7,U
3.7265,6,U
3.7265,2,U
3.7265,8,U
3.727,4,U
3.727,6,U
3.727,7,U
3.727,8,U
3.727,9,U
3.727,10,U
3.727,11,U
3.727,2,U
3.7275,2,U
3.7275,4,U
3.7275,6,U
3.7275,9,U
3.7275,8,U
3.7275,10,U
3.7275,7,U
3.7275,11,U
3.728,2,U
3.728,4,U
3.728,6,U
3.728,7,U
3.728,8,U
3.728,9,U
3.728,10,U
3.728,11,U
3.7285,7,U
3.7285,2,U
3.7285,11,U
3.7285,10,U
3.7285,9,U
3.7285,8,U
3.7285,6,U
3.7285,4,U
3.729,9,U
3.729,8,U
3.729,7,U
3.729,6,U
3.729,4,U
3.729,2,U
3.729,11,U
3.729,10,U
3.7295,11,U
3.7295,2,U
3.7295,4,U
3.7295,6,U
3.7295,7,U
3.7295,10,U
3.7295,8,U
3.7295,9,U
3.73,23,U
3.73,12,U
3.73,32,U
3.73,11,U
3.73,10,U
3.73,9,U
3.73,8,U
3.73,7,U
3.73,6,U
3.73,2,U
3.73,14,U
3.73,15,U
3.73,16,U
3.73,17,U
3.73,18,U
3.73,4,U
3.73,13,U
3.7305,9,U
3.7305,11,U
3.7305,10,U
3.7305,2,U
3.7305,7,U
3.7305,6,U
3.7305,4,U
3.7305,8,U
3.731,6,U
3.731,2,U
3.731,10,U
3.731,9,U
3.731,8,U
3.731,7,U
3.731,4,U
3.7315,7,U
3.7315,6,U
3.7315,2,U
3.7315,11,U
3.7315,10,U
3.7315,9,U
3.7315,8,U
3.732,2,U
3.732,4,U
3.732,6,U
3.732,7,U
3.732,8,U
3.732,9,U
3.732,10,U
3.732,11,U
3.7325,11,U
3.7325,9,U
3.7325,10,U
3.7325,7,U
3.7325,6,U
3.7325,4,U
3.7325,2,U
3.7325,8,U
3.733,10,U
3.733,9,U
3.733,11,U
3.733,7,U
3.733,6,U
3.733,4,U
3.733,8,U
3.733,2,U
3.7335,2,U
3.7335,4,U
3.7335,6,U
3.7335,7,U
3.7335,8,U
3.7335,9,U
3.7335,10,U
3.7335,11,U
3.734,2,U
3.734,7,U
3.734,6,U
3.734,4,U
3.734,10,U
3.734,11,U
3.734,9,U
3.734,8,U
3.7345,7,U
3.7345,9,U
3.7345,4,U
3.7345,2,U
3.7345,10,U
3.7345,11,U
3.7345,8,U
3.7345,6,U
3.735,2,U
3.735,6,U
3.735,9,U
3.735,23,U
3.735,4,U
3.735,12,U
3.735,13,U
3.735,14,U
3.735,15,U
3.735,16,U
3.735,17,U
3.735,18,U
3.735,19,U
3.735,21,U
3.735,22,U
3.735,7,U
3.735,8,U
3.735,28,U
3.735,11,U
3.735,10,U
3.7355,2,U
3.7355,4,U
3.7355,6,U
3.7355,7,U
3.7355,8,U
3.7355,9,U
3.7355,10,U
3.7355,11,U
3.736,10,U
3.736,11,U
3.736,9,U
3.736,8,U
3.736,6,U
3.736,4,U
3.736,2,U
3.736,7,U
3.7365,2,U
3.7365,4,U
3.7365,6,U
3.7365,7,U
3.7365,8,U
3.7365,9,U
3.7365,10,U
3.7365,11,U
3.737,8,U
3.737,9,U
3.737,7,U
3.737,11,U
3.737,4,U
3.737,2,U
3.737,6,U
3.737,10,U
3.7375,8,U
3.7375,2,U
3.7375,4,U
3.7375,6,U
3.7375,7,U
3.7375,9,U
3.7375,10,U
3.7375,11,U
3.738,11,U
3.738,10,U
3.738,8,U
3.738,9,U
3.738,6,U
3.738,2,U
3.738,7,U
3.7385,10,U
3.7385,2,U
3.7385,4,U
3.7385,5,U
3.7385,5,S
3.7385,6,U
3.7385,7,U
3.7385,8,U
3.7385,9,U
3.7385,11,U
3.739,9,U
3.739,10,U
3.739,8,U
3.739,11,U
3.739,7,U
3.739,2,U
3.739,5,S
3.739,5,U
3.739,4,U
3.739,6,U
3.7395,11,U
3.7395,10,U
3.7395,9,U
3.7395,7,U
3.7395,8,U
3.7395,5,S
3.7395,5,U
3.7395,4,U
3.7395,6,U
3.74,34,U
3.74,14,U
3.74,15,U
3.74,16,U
3.74,17,U
3.74,18,U
3.74,21,U
3.74,5,S
3.74,11,U
3.74,29,U
3.74,9,U
3.74,8,U
3.74,7,U
3.74,6,U
3.74,5,U
3.74,4,U
3.74,2,U
3.74,13,U
3.74,10,U
3.74,12,U
3.7405,11,U
3.7405,10,U
3.7405,9,U
3.7405,8,U
3.7405,6,U
3.7405,7,U
3.7405,5,S
3.7405,4,U
3.7405,2,U
3.741,11,U
3.741,10,U
3.741,9,U
3.741,8,U
3.741,7,U
3.741,6,U
3.741,5,U
3.741,4,U
3.741,2,U
3.7415,11,U
3.7415,10,U
3.7415,9,U
3.7415,8,U
3.7415,2,U
3.7415,6,U
3.7415,5,U
3.7415,4,U
3.7415,7,U
3.742,9,U
3.742,11,U
3.742,10,U
3.742,10,S
3.742,8,U
3.742,5,U
3.742,6,U
3.742,4,U
3.742,2,U
3.742,7,U
3.7425,11,U
3.7425,10,U
3.7425,8,U
3.7425,7,U
3.7425,9,U
3.7425,5,U
3.7425,4,U
3.7425,2,U
3.7425,6,U
3.743,7,U
3.743,2,U
3.743,4,U
3.743,5,U
3.743,11,U
3.743,10,U
3.743,9,U
3.743,8,U
3.743,6,U
3.7435,5,U
3.7435,4,U
3.7435,2,U
3.7435,6,U
3.7435,7,U
3.7435,8,U
3.7435,9,U
3.7435,10,U
3.7435,11,U
3.744,11,U
3.744,10,U
3.744,9,U
3.744,8,U
3.744,5,U
3.744,6,U
3.744,4,U
3.744,2,U
3.744,7,U
3.7445,9,U
3.7445,11,U
3.7445,10,U
3.7445,8,U
3.7445,4,U
3.7445,6,U
3.7445,5,U
3.7445,2,U
3.7445,7,U
3.745,13,U
3.745,25,U
3.745,24,U
3.745,23,U
3.745,22,U
3.745,30,U
3.745,18,U
3.745,17,U
3.745,16,U
3.745,15,U
3.745,14,U
3.745,12,U
3.745,20,U
3.745,6,U
3.745,2,U
3.745,4,U
3.745,5,U
3.745,7,U
3.745,8,U
3.745,11,U
3.745,10,U
3.745,9,U
3.7455,11,U
3.7455,7,U
3.7455,4,U
3.7455,5,U
3.7455,10,U
3.7455,9,U
3.7455,8,U
3.7455,2,U
3.7455,6,U
3.746,11,U
3.746,4,U
3.746,5,U
3.746,6,U
3.746,7,U
3.746,8,U
3.746,9,U
3.746,10,U
3.746,2,U
3.7465,10,U
3.7465,11,U
3.7465,8,U
3.7465,7,U
3.7465,9,U
3.7465,5,U
3.7465,4,U
3.7465,2,U
3.7465,6,U
3.747,11,U
3.747,9,U
3.747,8,U
3.747,7,U
3.747,6,U
3.747,5,U
3.747,4,U
3.747,2,U
3.747,10,U
3.7475,9,U
3.7475,2,U
3.7475,4,U
3.7475,5,U
3.7475,11,U
3.7475,7,U
3.7475,8,U
3.7475,10,U
3.7475,6,U
3.748,2,U
3.748,5,U
3.748,6,U
3.748,7,U
3.748,8,U
3.748,9,U
3.748,10,U
3.748,11,U
3.7485,5,U
3.7485,4,U
3.7485,6,U
3.7485,7,U
3.7485,8,U
3.7485,9,U
3.7485,10,U
3.7485,11,U
3.7485,2,U
3.749,2,U
3.749,4,U
3.749,5,U
3.749,6,U
3.749,9,U
3.749,10,U
3.749,11,U
3.749,8,U
3.749,7,U
3.7495,4,U
3.7495,5,U
3.7495,6,U
3.7495,7,U
3.7495,9,U
3.7495,10,U
3.7495,11,U
3.7495,8,U
3.75,13,U
3.75,11,U
3.75,10,U
3.75,9,U
3.75,8,U
3.75,7,U
3.75,6,U
3.75,12,U
3.75,4,U
3.75,2,U
3.75,5,U
3.75,15,U
3.75,14,U
3.75,16,U
3.75,17,U
3.75,18,U
3.75,21,U
3.75,26,U
3.75,28,U
3.7505,4,U
3.7505,2,U
3.7505,7,U
3.7505,8,U
3.7505,9,U
3.7505,10,U
3.7505,11,U
3.7505,5,U
3.7505,6,U
3.751,2,U
3.751,4,U
3.751,5,U
3.751,6,U
3.751,7,U
3.751,8,U
3.751,9,U
3.751,10,U
3.751,11,U
3.7515,4,U
3.7515,2,U
3.7515,11,U
3.7515,10,U
3.7515,9,U
3.7515,8,U
3.7515,7,U
3.7515,6,U
3.7515,5,U
3.752,5,U
3.752,4,U
3.752,8,U
3.752,2,U
3.752,9,U
3.752,10,U
3.752,11,U
3.752,6,U
3.752,7,U
3.7525,2,U
3.7525,4,U
3.7525,5,U
3.7525,7,U
3.7525,8,U
3.7525,9,U
3.7525,10,U
3.7525,11,U
3.7525,6,U
3.753,2,U
3.753,11,U
3.753,10,U
3.753,9,U
3.753,8,U
3.753,7,U
3.753,6,U
3.753,5,U
3.753,4,U
3.7535,5,U
3.7535,8,U
3.7535,2,U
3.7535,4,U
3.7535,9,U
3.7535,10,U
3.7535,11,U
3.7535,6,U
3.7535,7,U
3.754,2,U
3.754,4,U
3.754,5,U
3.754,6,U
3.754,7,U
3.754,8,U
3.754,9,U
3.754,10,U
3.754,11,U
3.7545,10,U
3.7545,6,U
3.7545,5,U
3.7545,4,U
3.7545,2,U
3.7545,9,U
3.7545,7,U
3.7545,8,U
3.7545,11,U
3.755,7,U
3.755,10,U
3.755,11,U
3.755,6,U
3.755,5,U
3.755,4,U
3.755,2,U
3.755,8,U
3.755,9,U
3.755,12,U
3.755,25,U
3.755,24,U
3.755,21,U
3.755,20,U
3.755,18,U
3.755,17,U
3.755,16,U
3.755,15,U
3.755,14,U
3.755,13,U
3.7555,11,U
3.7555,10,U
3.7555,9,U
3.7555,8,U
3.7555,7,U
3.7555,5,U
3.7555,4,U
3.7555,2,U
3.7555,6,U
3.756,6,U
3.756,2,U
3.756,4,U
3.756,5,U
3.756,7,U
3.756,8,U
3.756,9,U
3.756,10,U
3.756,11,U
3.7565,8,U
3.7565,7,U
3.7565,11,U
3.7565,6,U
3.7565,5,U
3.7565,4,U
3.7565,10,U
3.7565,9,U
3.7565,2,U
3.757,10,U
3.757,2,U
3.757,4,U
3.757,5,U
3.757,6,U
3.757,7,U
3.757,8,U
3.757,9,U
3.757,11,U
3.7575,2,U
3.7575,4,U
3.7575,5,U
3.7575,6,U
3.7575,7,U
3.7575,8,U
3.7575,9,U
3.7575,11,U
3.7575,10,U
3.758,9,U
3.758,10,U
3.758,4,U
3.758,2,U
3.758,8,U
3.758,11,U
3.758,6,U
3.758,5,U
3.758,7,U
3.7585,2,U
3.7585,10,U
3.7585,9,U
3.7585,8,U
3.7585,7,U
3.7585,6,U
3.7585,5,U
3.7585,4,U
3.7585,11,U
3.759,4,U
3.759,2,U
3.759,9,U
3.759,8,U
3.759,5,U
3.759,10,U
3.759,11,U
3.759,7,U
3.759,6,U
3.7595,2,U
3.7595,4,U
3.7595,5,U
3.7595,6,U
3.7595,7,U
3.7595,8,U
3.7595,9,U
3.7595,11,U
3.7595,10,U
3.76,13,U
3.76,11,U
3.76,10,U
3.76,9,U
3.76,8,U
3.76,7,U
3.76,6,U
3.76,5,U
3.76,4,U
3.76,2,U
3.76,12,U
3.76,32,U
3.76,30,U
3.76,22,U
3.76,21,U
3.76,20,U
3.76,19,U
3.76,18,U
3.76,17,U
3.76,16,U
3.76,15,U
3.76,14,U
3.76,34,U
3.7605,11,U
3.7605,10,U
3.7605,8,U
3.7605,9,U
3.7605,6,U
3.7605,5,U
3.7605,4,U
3.7605,2,U
3.7605,7,U
3.761,11,U
3.761,10,U
3.761,9,U
3.761,8,U
3.761,7,U
3.761,6,U
3.761,5,U
3.761,4,U
3.761,2,U
3.7615,11,U
3.7615,10,U
3.7615,9,U
3.7615,8,U
3.7615,5,U
3.7615,6,U
3.7615,4,U
3.7615,2,U
3.7615,7,U
3.762,2,U
3.762,4,U
3.762,5,U
3.762,6,U
3.762,7,U
3.762,10,U
3.762,9,U
3.762,11,U
3.762,8,U
3.7625,4,U
3.7625,2,U
3.7625,6,U
3.7625,7,U
3.7625,8,U
3.7625,9,U
3.7625,10,U
3.7625,11,U
3.7625,5,U
3.763,11,U
3.763,9,U
3.763,8,U
3.763,10,U
3.763,6,U
3.763,5,U
3.763,2,U
3.763,4,U
3.763,7,U
3.7635,11,U
3.7635,10,U
3.7635,9,U
3.7635,8,U
3.7635,7,U
3.7635,5,U
3.7635,4,U
3.7635,2,U
3.7635,6,U
3.764,9,U
3.764,11,U
3.764,10,U
3.764,8,U
3.764,5,U
3.764,6,U
3.764,2,U
3.764,4,U
3.764,7,U
3.7645,11,U
3.7645,10,U
3.7645,9,U
3.7645,8,U
3.7645,6,U
3.7645,5,U
3.7645,4,U
3.7645,2,U
3.7645,7,U
3.765,17,U
3.765,15,U
3.765,16,U
3.765,14,U
3.765,18,U
3.765,19,U
3.765,22,U
3.765,25,U
3.765,27,U
3.765,28,U
3.765,13,U
3.765,20,U
3.765,12,U
3.765,23,U
3.765,30,U
3.765,2,U
3.765,4,U
3.765,5,U
3.765,6,U
3.765,7,U
3.765,8,U
3.765,9,U
3.765,10,U
3.765,11,U
3.7655,2,U
3.7655,4,U
3.7655,5,U
3.7655,6,U
3.7655,7,U
3.7655,8,U
3.7655,9,U
3.7655,10,U
3.7655,11,U
3.766,2,U
3.766,9,U
3.766,10,U
3.766,11,U
3.766,6,U
3.766,5,U
3.766,4,U
3.766,7,U
3.766,8,U
3.7665,4,U
3.7665,11,U
3.7665,10,U
3.7665,5,U
3.7665,2,U
3.7665,9,U
3.7665,8,U
3.7665,7,U
3.7665,6,U
3.767,11,U
3.767,9,U
3.767,8,U
3.767,7,U
3.767,6,U
3.767,5,U
3.767,4,U
3.767,10,U
3.767,2,U
3.7675,2,U
3.7675,4,U
3.7675,6,U
3.7675,7,U
3.7675,8,U
3.7675,9,U
3.7675,10,U
3.7675,11,U
3.7675,5,U
3.768,2,U
3.768,4,U
3.768,5,U
3.768,6,U
3.768,8,U
3.768,9,U
3.768,10,U
3.768,11,U
3.768,7,U
3.7685,8,U
3.7685,6,U
3.7685,5,U
3.7685,4,U
3.7685,2,U
3.7685,10,U
3.7685,11,U
3.7685,7,U
3.7685,9,U
3.769,5,U
3.769,7,U
3.769,8,U
3.769,9,U
3.769,10,U
3.769,11,U
3.769,4,U
3.769,2,U
3.769,6,U
3.7695,9,U
3.7695,10,U
3.7695,11,U
3.7695,8,U
3.7695,2,U
3.7695,4,U
3.7695,5,U
3.7695,6,U
3.7695,7,U
3.77,2,U
3.77,4,U
3.77,5,U
3.77,27,U
3.77,6,U
3.77,7,U
3.77,8,U
3.77,9,U
3.77,26,U
3.77,20,U
3.77,19,U
3.77,18,U
3.77,17,U
3.77,16,U
3.77,15,U
3.77,14,U
3.77,13,U
3.77,12,U
3.77,10,U
3.77,11,U
3.7705,8,U
3.7705,4,U
3.7705,2,U
3.7705,5,U
3.7705,6,U
3.7705,7,U
3.7705,9,U
3.7705,10,U
3.7705,11,U
3.771,11,U
3.771,10,U
3.771,9,U
3.771,8,U
3.771,5,U
3.771,6,U
3.771,4,U
3.771,2,U
3.771,7,U
3.7715,8,U
3.7715,10,U
3.7715,9,U
3.7715,7,U
3.7715,11,U
3.7715,5,U
3.7715,4,U
3.7715,2,U
3.7715,6,U
3.772,11,U
3.772,10,U
3.772,9,U
3.772,8,U
3.772,7,U
3.772,6,U
3.772,5,U
3.772,4,U
3.772,2,U
3.7725,10,U
3.7725,11,U
3.7725,9,U
3.7725,8,U
3.7725,7,U
3.7725,4,U
3.7725,6,U
3.7725,5,U
3.7725,2,U
3.773,5,U
3.773,2,U
3.773,11,U
3.773,10,U
3.773,9,U
3.773,8,U
3.773,7,U
3.773,4,U
3.773,6,U
3.7735,2,U
3.7735,4,U
3.7735,5,U
3.7735,6,U
3.7735,7,U
3.7735,8,U
3.7735,9,U
3.7735,10,U
3.7735,11,U
3.774,7,U
3.774,11,U
3.774,10,U
3.774,9,U
3.774,8,U
3.774,6,U
3.774,5,U
3.774,2,U
3.774,4,U
3.7745,8,U
3.7745,10,U
3.7745,11,U
3.7745,2,U
3.7745,4,U
3.7745,5,U
3.7745,6,U
3.7745,7,U
3.7745,9,U
3.775,13,U
3.775,14,U
3.775,11,U
3.775,20,U
3.775,12,U
3.775,19,U
3.775,23,U
3.775,25,U
3.775,10,U
3.775,9,U
3.775,8,U
3.775,7,U
3.775,18,U
3.775,17,U
3.775,16,U
3.775,15,U
3.775,2,U
3.775,4,U
3.775,27,U
3.775,29,U
3.775,6,U
3.775,5,U
3.7755,9,U
3.7755,10,U
3.7755,11,U
3.7755,2,U
3.7755,4,U
3.7755,5,U
3.7755,6,U
3.7755,7,U
3.7755,8,U
3.776,9,U
3.776,2,U
3.776,10,U
3.776,4,U
3.776,5,U
3.776,6,U
3.776,7,U
3.776,8,U
3.776,11,U
3.7765,2,U
3.7765,11,U
3.7765,9,U
3.7765,8,U
3.7765,7,U
3.7765,6,U
3.7765,4,U
3.7765,10,U
3.7765,5,U
3.777,6,U
3.777,11,U
3.777,9,U
3.777,8,U
3.777,7,U
3.777,5,U
3.777,4,U
3.777,2,U
3.777,10,U
3.7775,2,U
3.7775,10,U
3.7775,9,U
3.7775,8,U
3.7775,7,U
3.7775,6,U
3.7775,5,U
3.7775,4,U
3.7775,11,U
3.778,2,U
3.778,5,U
3.778,6,U
3.778,8,U
3.778,9,U
3.778,10,U
3.778,11,U
3.778,7,U
3.7785,6,U
3.7785,2,U
3.7785,4,U
3.7785,5,U
3.7785,7,U
3.7785,8,U
3.7785,10,U
3.7785,9,U
3.7785,11,U
3.779,2,U
3.779,10,U
3.779,8,U
3.779,11,U
3.779,7,U
3.779,6,U
3.779,5,U
3.779,9,U
3.7795,4,U
3.7795,5,U
3.7795,11,U
3.7795,10,U
3.7795,9,U
3.7795,8,U
3.7795,7,U
3.7795,6,U
3.7795,2,U
3.78,33,U
3.78,27,U
3.78,25,U
3.78,24,U
3.78,6,U
3.78,14,U
3.78,13,U
3.78,15,U
3.78,16,U
3.78,17,U
3.78,18,U
3.78,21,U
3.78,22,U
3.78,12,U
3.78,19,U
3.78,7,U
3.78,11,U
3.78,9,U
3.78,10,U
3.78,8,U
3.78,2,U
3.78,4,U
3.78,5,U
3.7805,4,U
3.7805,2,U
3.7805,6,U
3.7805,7,U
3.7805,8,U
3.7805,9,U
3.7805,10,U
3.7805,11,U
3.7805,5,U
3.781,10,U
3.781,4,U
3.781,11,U
3.781,9,U
3.781,2,U
3.781,7,U
3.781,6,U
3.781,5,U
3.781,8,U
3.7815,11,U
3.7815,9,U
3.7815,10,U
3.7815,8,U
3.7815,4,U
3.7815,6,U
3.7815,5,U
3.7815,2,U
3.7815,7,U
3.782,11,U
3.782,9,U
3.782,8,U
3.782,10,U
3.782,6,U
3.782,5,U
3.782,4,U
3.782,2,U
3.782,7,U
3.7825,2,U
3.7825,4,U
3.7825,5,U
3.7825,10,U
3.7825,6,U
3.7825,8,U
3.7825,9,U
3.7825,11,U
3.7825,7,U
3.783,2,U
3.783,4,U
3.783,5,U
3.783,6,U
3.783,7,U
3.783,8,U
3.783,9,U
3.783,11,U
3.783,10,U
3.7835,10,U
3.7835,11,U
3.7835,4,U
3.7835,5,U
3.7835,6,U
3.7835,7,U
3.7835,8,U
3.7835,9,U
3.7835,2,U
3.784,11,U
3.784,10,U
3.784,8,U
3.784,7,U
3.784,9,U
3.784,6,U
3.784,5,U
3.784,4,U
3.784,2,U
3.7845,10,U
3.7845,9,U
3.7845,8,U
3.7845,7,U
3.7845,11,U
3.7845,4,U
3.7845,6,U
3.7845,5,U
3.7845,2,U
3.785,12,U
3.785,13,U
3.785,14,U
3.785,15,U
3.785,16,U
3.785,18,U
3.785,20,U
3.785,21,U
3.785,23,U
3.785,27,U
3.785,31,U
3.785,33,U
3.785,17,U
3.785,7,U
3.785,2,U
3.785,4,U
3.785,5,U
3.785,6,U
3.785,8,U
3.785,9,U
3.785,10,U
3.785,11,U
3.7855,9,U
3.7855,11,U
3.7855,2,U
3.7855,5,U
3.7855,8,U
3.7855,6,U
3.7855,10,U
3.7855,7,U
3.786,6,U
3.786,2,U
3.786,7,U
3.786,4,U
3.786,11,U
3.786,10,U
3.786,9,U
3.786,8,U
3.786,5,U
3.7865,4,U
3.7865,5,U
3.7865,6,U
3.7865,7,U
3.7865,11,U
3.7865,10,U
3.7865,2,U
3.7865,9,U
3.7865,8,U
3.787,8,U
3.787,11,U
3.787,10,U
3.787,9,U
3.787,7,U
3.787,6,U
3.787,5,U
3.787,4,U
3.787,2,U
3.7875,5,U
3.7875,6,U
3.7875,7,U
3.7875,8,U
3.7875,9,U
3.7875,10,U
3.7875,11,U
3.7875,2,U
3.7875,4,U
3.788,2,U
3.788,9,U
3.788,5,U
3.788,6,U
3.788,4,U
3.788,10,U
3.788,11,U
3.788,7,U
3.788,8,U
3.7885,2,U
3.7885,4,U
3.7885,6,U
3.7885,7,U
3.7885,8,U
3.7885,9,U
3.7885,10,U
3.7885,11,U
3.7885,5,U
3.789,4,U
3.789,11,U
3.789,10,U
3.789,9,U
3.789,8,U
3.789,7,U
3.789,6,U
3.789,5,U
3.789,2,U
3.7895,7,U
3.7895,6,U
3.7895,5,U
3.7895,4,U
3.7895,8,U
3.7895,10,U
3.7895,11,U
3.7895,9,U
3.79,12,U
3.79,11,U
3.79,10,U
3.79,9,U
3.79,8,U
3.79,7,U
3.79,6,U
3.79,5,U
3.79,4,U
3.79,2,U
3.79,13,U
3.79,23,U
3.79,14,U
3.79,16,U
3.79,17,U
3.79,18,U
3.79,15,U
3.79,20,U
3.79,21,U
3.79,22,U
3.79,45,U
3.79,19,U
3.7905,10,U
3.7905,2,U
3.7905,4,U
3.7905,5,U
3.7905,6,U
3.7905,7,U
3.7905,8,U
3.7905,11,U
3.7905,9,U
3.791,6,U
3.791,4,U
3.791,5,U
3.791,7,U
3.791,8,U
3.791,9,U
3.791,10,U
3.791,11,U
3.791,2,U
3.7915,11,U
3.7915,10,U
3.7915,9,U
3.7915,8,U
3.7915,6,U
3.7915,5,U
3.7915,4,U
3.7915,2,U
3.7915,7,U
3.792,9,U
3.792,11,U
3.792,10,U
3.792,8,U
3.792,6,U
3.792,5,U
3.792,4,U
3.792,7,U
3.792,2,U
3.7925,8,U
3.7925,2,U
3.7925,4,U
3.7925,5,U
3.7925,6,U
3.7925,7,U
3.7925,9,U
3.7925,10,U
3.7925,11,U
3.793,10,U
3.793,9,U
3.793,11,U
3.793,8,U
3.793,4,U
3.793,6,U
3.793,5,U
3.793,2,U
3.793,7,U
3.7935,11,U
3.7935,10,U
3.7935,9,U
3.7935,2,U
3.7935,7,U
3.7935,6,U
3.7935,5,U
3.7935,8,U
3.7935,4,U
3.794,10,U
3.794,9,U
3.794,8,U
3.794,11,U
3.794,5,U
3.794,4,U
3.794,2,U
3.794,6,U
3.794,7,U
3.7945,2,U
3.7945,4,U
3.7945,5,U
3.7945,6,U
3.7945,7,U
3.7945,8,U
3.7945,9,U
3.7945,10,U
3.7945,11,U
3.795,30,U
3.795,13,U
3.795,12,U
3.795,11,U
3.795,10,U
3.795,9,U
3.795,8,U
3.795,7,U
3.795,6,U
3.795,5,U
3.795,4,U
3.795,2,U
3.795,23,U
3.795,21,U
3.795,20,U
3.795,19,U
3.795,18,U
3.795,17,U
3.795,16,U
3.795,15,U
3.795,14,U
3.795,25,U
3.7955,9,U
3.7955,11,U
3.7955,8,U
3.7955,10,U
3.7955,6,U
3.7955,5,U
3.7955,2,U
3.7955,4,U
3.7955,7,U
3.796,11,U
3.796,10,U
3.796,9,U
3.796,8,U
3.796,7,U
3.796,6,U
3.796,5,U
3.796,4,U
3.796,2,U
3.7965,11,U
3.7965,10,U
3.7965,9,U
3.7965,8,U
3.7965,4,U
3.7965,6,U
3.7965,5,U
3.7965,2,U
3.7965,7,U
3.797,2,U
3.797,4,U
3.797,5,U
3.797,9,U
3.797,7,U
3.797,8,U
3.797,10,U
3.797,6,U
3.797,11,U
3.7975,2,U
3.7975,4,U
3.7975,5,U
3.7975,6,U
3.7975,7,U
3.7975,8,U
3.7975,9,U
3.7975,10,U
3.7975,11,U
3.798,11,U
3.798,10,U
3.798,8,U
3.798,9,U
3.798,6,U
3.798,5,U
3.798,4,U
3.798,2,U
3.798,7,U
3.7985,11,U
3.7985,10,U
3.7985,9,U
3.7985,8,U
3.7985,7,U
3.7985,5,U
3.7985,4,U
3.7985,2,U
3.7985,6,U
3.799,11,U
3.799,10,U
3.799,8,U
3.799,9,U
3.799,6,U
3.799,7,U
3.799,4,U
3.799,2,U
3.799,5,U
3.7995,2,U
3.7995,10,U
3.7995,9,U
3.7995,11,U
3.7995,7,U
3.7995,6,U
3.7995,5,U
3.7995,4,U
3.7995,8,U
3.8,13,U
3.8,19,U
3.8,14,U
3.8,15,U
3.8,16,U
3.8,17,U
3.8,18,U
3.8,20,U
3.8,27,U
3.8,23,U
3.8,24,U
3.8,21,U
3.8,25,U
3.8,30,U
3.8,32,U
3.8,34,U
3.8,12,U
3.8,22,U
3.8,28,U
3.8,26,U
3.8,4,U
3.8,5,U
3.8,6,U
3.8,7,U
3.8,8,U
3.8,9,U
3.8,10,U
3.8,11,U
3.8,2,U
3.8005,2,U
3.8005,10,U
3.8005,11,U
3.8005,4,U
3.8005,7,U
3.8005,6,U
3.8005,5,U
3.8005,9,U
3.8005,8,U
3.801,8,U
3.801,7,U
3.801,6,U
3.801,5,U
3.801,4,U
3.801,2,U
3.801,10,U
3.801,9,U
3.801,11,U
3.8015,2,U
3.8015,4,U
3.8015,5,U
3.8015,6,U
3.8015,8,U
3.8015,9,U
3.8015,10,U
3.8015,7,U
3.8015,11,U
3.802,5,U
3.802,11,U
3.802,10,U
3.802,9,U
3.802,8,U
3.802,7,U
3.802,2,U
3.802,4,U
3.802,6,U
3.8025,5,U
3.8025,6,U
3.8025,8,U
3.8025,7,U
3.8025,9,U
3.8025,10,U
3.8025,11,U
3.8025,2,U
3.8025,4,U
3.803,2,U
3.803,4,U
3.803,5,U
3.803,10,U
3.803,6,U
3.803,7,U
3.803,9,U
3.803,8,U
3.803,11,U
3.8035,2,U
3.8035,4,U
3.8035,6,U
3.8035,7,U
3.8035,8,U
3.8035,9,U
3.8035,10,U
3.8035,11,U
3.8035,5,U
3.804,2,U
3.804,4,U
3.804,6,U
3.804,7,U
3.804,8,U
3.804,9,U
3.804,10,U
3.804,5,U
3.804,11,U
3.8045,11,U
3.8045,10,U
3.8045,9,U
3.8045,8,U
3.8045,7,U
3.8045,5,U
3.8045,4,U
3.8045,2,U
3.8045,6,U
3.805,34,U
3.805,13,U
3.805,11,U
3.805,10,U
3.805,9,U
3.805,8,U
3.805,7,U
3.805,6,U
3.805,5,U
3.805,4,U
3.805,14,U
3.805,2,U
3.805,16,U
3.805,17,U
3.805,18,U
3.805,12,U
3.805,19,U
3.805,20,U
3.805,21,U
3.805,23,U
3.805,24,U
3.805,26,U
3.805,15,U
3.805,38,U
3.8055,9,U
3.8055,11,U
3.8055,10,U
3.8055,7,U
3.8055,6,U
3.8055,5,U
3.8055,4,U
3.8055,2,U
3.8055,8,U
3.806,11,U
3.806,10,U
3.806,9,U
3.806,8,U
3.806,7,U
3.806,6,U
3.806,5,U
3.806,4,U
3.806,2,U
3.8065,11,U
3.8065,10,U
3.8065,9,U
3.8065,2,U
3.8065,7,U
3.8065,6,U
3.8065,5,U
3.8065,4,U
3.8065,8,U
3.807,11,U
3.807,10,U
3.807,9,U
3.807,6,U
3.807,7,U
3.807,5,U
3.807,4,U
3.807,2,U
3.807,8,U
3.8075,11,U
3.8075,10,U
3.8075,9,U
3.8075,8,U
3.8075,7,U
3.8075,6,U
3.8075,5,U
3.8075,4,U
3.8075,2,U
3.808,11,U
3.808,10,U
3.808,9,U
3.808,2,U
3.808,7,U
3.808,6,U
3.808,5,U
3.808,4,U
3.808,8,U
3.8085,11,U
3.8085,10,U
3.8085,9,U
3.8085,6,U
3.8085,7,U
3.8085,5,U
3.8085,4,U
3.8085,8,U
3.8085,2,U
3.809,11,U
3.809,9,U
3.809,8,U
3.809,10,U
3.809,6,U
3.809,5,U
3.809,4,U
3.809,2,U
3.809,7,U
3.8095,8,U
3.8095,2,U
3.8095,4,U
3.8095,5,U
3.8095,6,U
3.8095,11,U
3.8095,10,U
3.8095,9,U
3.8095,7,U
3.81,7,U
3.81,4,U
3.81,29,U
3.81,28,U
3.81,26,U
3.81,25,U
3.81,24,U
3.81,23,U
3.81,27,U
3.81,22,U
3.81,21,U
3.81,20,U
3.81,19,U
3.81,31,U
3.81,18,U
3.81,16,U
3.81,15,U
3.81,14,U
3.81,13,U
3.81,12,U
3.81,11,U
3.81,10,U
3.81,9,U
3.81,8,U
3.81,6,U
3.81,5,U
3.81,17,U
3.81,2,U
3.8105,2,U
3.8105,7,U
3.8105,5,U
3.8105,6,U
3.8105,9,U
3.8105,10,U
3.8105,11,U
3.8105,4,U
3.8105,8,U
3.811,4,U
3.811,2,U
3.811,7,U
3.811,8,U
3.811,9,U
3.811,10,U
3.811,11,U
3.811,6,U
3.811,5,U
3.8115,8,U
3.8115,2,U
3.8115,6,U
3.8115,7,U
3.8115,5,U
3.8115,11,U
3.8115,10,U
3.8115,9,U
3.812,4,U
3.812,5,U
3.812,8,U
3.812,2,U
3.812,9,U
3.812,10,U
3.812,11,U
3.812,6,U
3.812,7,U
3.8125,2,U
3.8125,11,U
3.8125,4,U
3.8125,5,U
3.8125,6,U
3.8125,9,U
3.8125,7,U
3.8125,10,U
3.8125,8,U
3.813,11,U
3.813,10,U
3.813,9,U
3.813,8,U
3.813,7,U
3.813,6,U
3.813,5,U
3.813,4,U
3.813,2,U
3.8135,6,U
3.8135,10,U
3.8135,2,U
3.8135,4,U
3.8135,5,U
3.8135,7,U
3.8135,8,U
3.8135,9,U
3.8135,11,U
3.814,10,U
3.814,2,U
3.814,4,U
3.814,5,U
3.814,6,U
3.814,7,U
3.814,9,U
3.814,11,U
3.814,8,U
3.8145,9,U
3.8145,4,U
3.8145,5,U
3.8145,6,U
3.8145,7,U
3.8145,8,U
3.8145,10,U
3.8145,11,U
3.815,14,U
3.815,25,U
3.815,24,U
3.815,19,U
3.815,20,U
3.815,9,U
3.815,11,U
3.815,10,U
3.815,37,U
3.815,8,U
3.815,21,U
3.815,18,U
3.815,26,U
3.815,16,U
3.815,15,U
3.815,22,U
3.815,13,U
3.815,12,U
3.815,7,U
3.815,6,U
3.815,5,U
3.815,4,U
3.815,2,U
3.815,17,U
3.8155,8,U
3.8155,5,U
3.8155,9,U
3.8155,11,U
3.8155,2,U
3.8155,4,U
3.8155,6,U
3.8155,10,U
3.8155,7,U
3.816,2,U
3.816,4,U
3.816,5,U
3.816,6,U
3.816,7,U
3.816,8,U
3.816,9,U
3.816,10,U
3.816,11,U
3.8165,4,U
3.8165,6,U
3.8165,7,U
3.8165,8,U
3.8165,9,U
3.8165,10,U
3.8165,11,U
3.8165,2,U
3.8165,5,U
3.817,9,U
3.817,10,U
3.817,11,U
3.817,5,U
3.817,7,U
3.817,6,U
3.817,8,U
3.817,2,U
3.8175,11,U
3.8175,4,U
3.8175,5,U
3.8175,6,U
3.8175,7,U
3.8175,8,U
3.8175,9,U
3.8175,10,U
3.8175,2,U
3.818,4,U
3.818,6,U
3.818,5,U
3.818,7,U
3.818,8,U
3.818,9,U
3.818,10,U
3.818,11,U
3.8185,5,U
3.8185,2,U
3.8185,4,U
3.8185,6,U
3.8185,7,U
3.8185,8,U
3.8185,9,U
3.8185,10,U
3.8185,11,U
3.819,10,U
3.819,11,U
3.819,9,U
3.819,8,U
3.819,7,U
3.819,5,U
3.819,4,U
3.819,2,U
3.819,6,U
3.8195,7,U
3.8195,2,U
3.8195,4,U
3.8195,5,U
3.8195,6,U
3.8195,8,U
3.8195,9,U
3.8195,10,U
3.8195,11,U
3.82,19,U
3.82,18,U
3.82,20,U
3.82,16,U
3.82,15,U
3.82,17,U
3.82,31,U
3.82,23,U
3.82,24,U
3.82,25,U
3.82,26,U
3.82,32,U
3.82,35,U
3.82,14,U
3.82,22,U
3.82,13,U
3.82,21,U
3.82,12,U
3.82,11,U
3.82,10,U
3.82,9,U
3.82,8,U
3.82,7,U
3.82,6,U
3.82,5,U
3.82,4,U
3.82,2,U
3.8205,7,U
3.8205,9,U
3.8205,10,U
3.8205,11,U
3.8205,8,U
3.8205,2,U
3.8205,4,U
3.8205,5,U
3.8205,6,U
3.821,4,U
3.821,6,U
3.821,5,U
3.821,2,U
3.821,8,U
3.821,7,U
3.821,10,U
3.821,11,U
3.821,9,U
3.8215,9,U
3.8215,11,U
3.8215,7,U
3.8215,10,U
3.8215,8,U
3.8215,5,U
3.8215,4,U
3.8215,2,U
3.8215,6,U
3.822,11,U
3.822,4,U
3.822,5,U
3.822,6,U
3.822,7,U
3.822,8,U
3.822,9,U
3.822,10,U
3.822,2,U
3.8225,7,U
3.8225,4,U
3.8225,5,U
3.8225,6,U
3.8225,8,U
3.8225,9,U
3.8225,10,U
3.8225,11,U
3.8225,2,U
3.823,11,U
3.823,10,U
3.823,9,U
3.823,4,U
3.823,7,U
3.823,5,U
3.823,2,U
3.823,8,U
3.823,6,U
3.8235,11,U
3.8235,5,U
3.8235,10,U
3.8235,9,U
3.8235,8,U
3.8235,2,U
3.8235,4,U
3.8235,7,U
3.8235,6,U
3.824,5,U
3.824,4,U
3.824,2,U
3.824,7,U
3.824,6,U
3.824,8,U
3.824,9,U
3.824,10,U
3.824,11,U
3.8245,2,U
3.8245,6,U
3.8245,5,U
3.8245,4,U
3.8245,11,U
3.8245,7,U
3.8245,8,U
3.8245,9,U
3.8245,10,U
3.825,16,U
3.825,17,U
3.825,18,U
3.825,19,U
3.825,20,U
3.825,21,U
3.825,26,U
3.825,15,U
3.825,23,U
3.825,24,U
3.825,25,U
3.825,27,U
3.825,45,U
3.825,22,U
3.825,14,U
3.825,11,U
3.825,12,U
3.825,30,U
3.825,31,U
3.825,33,U
3.825,34,U
3.825,38,U
3.825,2,U
3.825,13,U
3.825,4,U
3.825,6,U
3.825,7,U
3.825,8,U
3.825,9,U
3.825,10,U
3.825,39,U
3.825,5,U
3.825,28,U
3.8255,6,U
3.8255,11,U
3.8255,10,U
3.8255,9,U
3.8255,8,U
3.8255,7,U
3.8255,5,U
3.8255,4,U
3.8255,2,U
3.826,10,U
3.826,9,U
3.826,8,U
3.826,6,U
3.826,5,U
3.826,4,U
3.826,11,U
3.826,2,U
3.826,7,U
3.8265,5,U
3.8265,2,U
3.8265,11,U
3.8265,10,U
3.8265,6,U
3.8265,8,U
3.8265,7,U
3.8265,9,U
3.827,2,U
3.827,4,U
3.827,6,U
3.827,7,U
3.827,8,U
3.827,9,U
3.827,10,U
3.827,11,U
3.827,5,U
3.8275,2,U
3.8275,6,U
3.8275,5,U
3.8275,11,U
3.8275,10,U
3.8275,4,U
3.8275,8,U
3.8275,7,U
3.8275,9,U
3.828,2,U
3.828,4,U
3.828,6,U
3.828,7,U
3.828,8,U
3.828,9,U
3.828,10,U
3.828,11,U
3.828,5,U
3.8285,5,U
3.8285,4,U
3.8285,3,U
3.8285,6,U
3.8285,7,U
3.8285,8,U
3.8285,9,U
3.8285,10,U
3.8285,11,U
3.8285,3,S
3.829,11,U
3.829,10,U
3.829,9,U
3.829,8,U
3.829,6,U
3.829,5,U
3.829,4,U
3.829,3,S
3.829,2,U
3.829,7,U
3.8295,9,U
3.8295,11,U
3.8295,10,U
3.8295,7,U
3.8295,4,U
3.8295,5,U
3.8295,3,U
3.8295,2,U
3.8295,6,U
3.8295,8,U
3.83,2,U
3.83,3,S
3.83,3,U
3.83,4,U
3.83,5,U
3.83,6,U
3.83,7,U
3.83,8,U
3.83,9,U
3.83,10,U
3.83,11,U
3.83,33,U
3.83,13,U
3.83,27,U
3.83,28,U
3.83,31,U
3.83,12,U
3.83,26,U
3.83,25,U
3.83,24,U
3.83,23,U
3.83,22,U
3.83,20,U
3.83,19,U
3.83,18,U
3.83,17,U
3.83,14,U
3.83,15,U
3.83,21,U
3.83,16,U
3.8305,9,U
3.8305,2,U
3.8305,3,S
3.8305,4,U
3.8305,5,U
3.8305,6,U
3.8305,7,U
3.8305,3,U
3.8305,8,U
3.8305,11,U
3.8305,10,U
3.831,5,U
3.831,6,U
3.831,11,U
3.831,10,U
3.831,2,U
3.831,9,U
3.831,7,U
3.831,3,U
3.831,3,S
3.831,4,U
3.831,8,U
3.8315,4,U
3.8315,5,U
3.8315,6,U
3.8315,7,U
3.8315,8,U
3.8315,9,U
3.8315,10,U
3.8315,11,U
3.8315,3,U
3.8315,3,S
3.832,7,U
3.832,3,U
3.832,4,U
3.832,5,U
3.832,6,U
3.832,8,U
3.832,9,U
3.832,10,U
3.832,11,U
3.832,3,S
3.832,2,U
3.8325,3,U
3.8325,4,U
3.8325,5,U
3.8325,7,U
3.8325,8,U
3.8325,9,U
3.8325,10,U
3.8325,11,U
3.8325,3,S
3.8325,2,U
3.8325,6,U
3.833,11,U
3.833,9,U
3.833,8,U
3.833,7,U
3.833,10,U
3.833,6,U
3.833,5,U
3.833,4,U
3.833,3,S
3.833,3,U
3.833,2,U
3.8335,2,U
3.8335,3,U
3.8335,11,U
3.8335,4,U
3.8335,5,U
3.8335,6,U
3.8335,7,U
3.8335,8,U
3.8335,9,U
3.8335,10,U
3.834,5,U
3.834,2,U
3.834,10,U
3.834,9,U
3.834,8,U
3.834,7,U
3.834,3,S
3.834,11,U
3.834,4,U
3.834,6,U
3.8345,4,U
3.8345,2,U
3.8345,5,U
3.8345,6,U
3.8345,7,U
3.8345,8,U
3.8345,9,U
3.8345,10,U
3.8345,11,U
3.8345,3,U
3.8345,3,S
3.835,10,U
3.835,3,U
3.835,4,U
3.835,5,U
3.835,6,U
3.835,7,U
3.835,8,U
3.835,9,U
3.835,3,S
3.835,2,U
3.835,11,U
3.835,30,U
3.835,12,U
3.835,13,U
3.835,14,U
3.835,15,U
3.835,16,U
3.835,17,U
3.835,18,U
3.835,20,U
3.835,19,U
3.835,22,U
3.835,23,U
3.835,24,U
3.835,25,U
3.835,26,U
3.835,29,U
3.835,31,U
3.835,32,U
3.835,21,U
3.8355,7,U
3.8355,11,U
3.8355,10,U
3.8355,8,U
3.8355,6,U
3.8355,9,U
3.8355,4,U
3.8355,3,U
3.8355,3,S
3.8355,5,U
3.8355,2,U
3.836,10,U
3.836,9,U
3.836,8,U
3.836,7,U
3.836,6,U
3.836,11,U
3.836,4,U
3.836,3,S
3.836,3,U
3.836,2,U
3.836,5,U
3.8365,11,U
3.8365,10,U
3.8365,9,U
3.8365,8,U
3.8365,7,U
3.8365,6,U
3.8365,5,U
3.8365,3,S
3.8365,3,U
3.8365,2,U
3.8365,4,U
3.837,4,U
3.837,7,U
3.837,2,U
3.837,3,U
3.837,3,S
3.837,5,U
3.837,8,U
3.837,9,U
3.837,10,U
3.837,11,U
3.837,6,U
3.8375,7,U
3.8375,11,U
3.8375,10,U
3.8375,9,U
3.8375,8,U
3.8375,5,U
3.8375,4,U
3.8375,3,U
3.8375,3,S
3.8375,2,U
3.8375,6,U
3.838,9,U
3.838,10,U
3.838,6,U
3.838,8,U
3.838,11,U
3.838,7,U
3.838,2,U
3.838,5,U
3.838,4,U
3.838,3,U
3.838,3,S
3.8385,10,U
3.8385,7,U
3.8385,8,U
3.8385,11,U
3.8385,6,U
3.8385,9,U
3.8385,4,U
3.8385,3,S
3.8385,3,U
3.8385,2,U
3.8385,5,U
3.839,9,U
3.839,11,U
3.839,10,U
3.839,8,U
3.839,7,U
3.839,5,U
3.839,4,U
3.839,3,S
3.839,2,U
3.839,6,U
3.8395,10,U
3.8395,11,U
3.8395,9,U
3.8395,8,U
3.8395,7,U
3.8395,6,U
3.8395,5,U
3.8395,4,U
3.8395,3,U
3.8395,2,U
3.84,24,U
3.84,23,U
3.84,22,U
3.84,21,U
3.84,20,U
3.84,27,U
3.84,18,U
3.84,17,U
3.84,16,U
3.84,15,U
3.84,14,U
3.84,19,U
3.84,26,U
3.84,13,U
3.84,31,U
3.84,25,U
3.84,11,U
3.84,10,U
3.84,9,U
3.84,8,U
3.84,7,U
3.84,6,U
3.84,5,U
3.84,4,U
3.84,3,U
3.84,2,U
3.84,12,U
3.84,28,U
3.84,3,S
3.8405,3,S
3.8405,6,U
3.8405,5,U
3.8405,4,U
3.8405,3,U
3.8405,9,U
3.8405,10,U
3.8405,11,U
3.8405,8,U
3.8405,7,U
3.8405,2,U
3.841,10,U
3.841,9,U
3.841,8,U
3.841,7,U
3.841,6,U
3.841,3,U
3.841,3,S
3.841,11,U
3.841,5,U
3.841,4,U
3.8415,11,U
3.8415,10,U
3.8415,9,U
3.8415,8,U
3.8415,7,U
3.8415,6,S
3.8415,6,U
3.8415,5,U
3.8415,4,U
3.8415,3,U
3.8415,2,U
3.842,10,U
3.842,9,U
3.842,8,U
3.842,7,U
3.842,6,U
3.842,6,S
3.842,5,U
3.842,4,U
3.842,3,U
3.842,2,U
3.842,11,U
3.8425,8,U
3.8425,9,U
3.8425,4,U
3.8425,11,U
3.8425,7,U
3.8425,6,S
3.8425,10,U
3.8425,6,U
3.8425,5,U
3.8425,2,U
3.8425,3,U
3.843,6,U
3.843,5,U
3.843,4,U
3.843,3,U
3.843,2,U
3.843,9,U
3.843,10,U
3.843,11,U
3.843,7,U
3.843,8,U
3.8435,6,U
3.8435,7,U
3.8435,8,U
3.8435,9,U
3.8435,10,U
3.8435,11,U
3.8435,3,U
3.8435,4,U
3.8435,5,U
3.844,7,U
3.844,8,U
3.844,9,U
3.844,6,S
3.844,10,U
3.844,11,U
3.844,2,U
3.844,3,U
3.844,4,U
3.844,5,U
3.8445,9,U
3.8445,8,U
3.8445,7,U
3.8445,6,U
3.8445,5,U
3.8445,2,U
3.8445,4,U
3.8445,10,U
3.8445,11,U
3.8445,3,U
3.845,2,U
3.845,3,U
3.845,4,U
3.845,5,U
3.845,6,U
3.845,6,S
3.845,7,U
3.845,8,U
3.845,9,U
3.845,10,U
3.845,11,U
3.845,21,U
3.845,35,U
3.845,32,U
3.845,20,U
3.845,22,U
3.845,23,U
3.845,24,U
3.845,26,U
3.845,27,U
3.845,28,U
3.845,18,U
3.845,19,U
3.845,16,U
3.845,15,U
3.845,14,U
3.845,13,U
3.845,12,U
3.845,29,U
3.845,17,U
3.8455,8,U
3.8455,11,U
3.8455,10,U
3.8455,9,U
3.8455,7,U
3.8455,3,U
3.8455,6,S
3.8455,5,U
3.8455,4,U
3.8455,2,U
3.8455,6,U
3.846,10,U
3.846,2,U
3.846,3,U
3.846,4,U
3.846,5,U
3.846,6,U
3.846,7,U
3.846,8,U
3.846,9,U
3.846,11,U
3.846,6,S
3.8465,4,U
3.8465,3,U
3.8465,11,U
3.8465,10,U
3.8465,9,U
3.8465,5,U
3.8465,8,U
3.8465,7,U
3.8465,6,U
3.8465,6,S
3.8465,2,U
3.847,11,U
3.847,3,U
3.847,4,U
3.847,5,U
3.847,7,U
3.847,8,U
3.847,9,U
3.847,10,U
3.847,2,U
3.847,6,U
3.8475,6,U
3.8475,7,U
3.8475,11,U
3.8475,10,U
3.8475,9,U
3.8475,6,S
3.8475,3,U
3.8475,4,U
3.8475,5,U
3.8475,8,U
3.8475,2,U
3.848,11,U
3.848,10,U
3.848,9,U
3.848,8,U
3.848,6,U
3.848,4,U
3.848,3,U
3.848,2,U
3.848,7,U
3.848,5,U
3.8485,9,U
3.8485,10,U
3.8485,11,U
3.8485,8,U
3.8485,7,U
3.8485,2,U
3.8485,3,U
3.8485,4,U
3.8485,5,U
3.8485,6,U
3.849,11,U
3.849,10,U
3.849,9,U
3.849,8,U
3.849,7,U
3.849,6,U
3.849,5,U
3.849,4,U
3.849,3,U
3.849,2,U
3.8495,11,U
3.8495,9,U
3.8495,8,U
3.8495,7,U
3.8495,10,U
3.8495,5,U
3.8495,4,U
3.8495,3,U
3.8495,2,U
3.8495,6,U
3.85,26,U
3.85,29,U
3.85,31,U
3.85,32,U
3.85,33,U
3.85,13,U
3.85,27,U
3.85,15,U
3.85,14,U
3.85,25,U
3.85,16,U
3.85,17,U
3.85,18,U
3.85,19,U
3.85,20,U
3.85,23,U
3.85,12,U
3.85,22,U
3.85,10,U
3.85,24,U
3.85,2,U
3.85,3,U
3.85,4,U
3.85,5,U
3.85,6,U
3.85,7,U
3.85,8,U
3.85,11,U
3.85,21,U
3.85,9,U
3.8505,10,U
3.8505,3,U
3.8505,4,U
3.8505,5,U
3.8505,6,U
3.8505,7,U
3.8505,8,U
3.8505,11,U
3.8505,2,U
3.8505,9,U
3.851,7,U
3.851,2,U
3.851,3,U
3.851,4,U
3.851,5,U
3.851,6,U
3.851,8,U
3.851,9,U
3.851,10,U
3.851,11,U
3.8515,2,U
3.8515,3,U
3.8515,4,U
3.8515,5,U
3.8515,6,U
3.8515,11,U
3.8515,10,U
3.8515,9,U
3.8515,8,U
3.8515,7,U
3.852,8,U
3.852,11,U
3.852,7,U
3.852,6,U
3.852,5,U
3.852,4,U
3.852,3,U
3.852,2,U
3.852,9,U
3.852,10,U
3.8525,11,U
3.8525,6,U
3.8525,4,U
3.8525,5,U
3.8525,7,U
3.8525,8,U
3.8525,9,U
3.8525,10,U
3.8525,3,U
3.8525,2,U
3.853,8,U
3.853,2,U
3.853,3,U
3.853,4,U
3.853,5,U
3.853,6,U
3.853,7,U
3.853,9,U
3.853,10,U
3.853,11,U
3.8535,3,U
3.8535,10,U
3.8535,4,U
3.8535,5,U
3.8535,6,U
3.8535,7,U
3.8535,8,U
3.8535,9,U
3.8535,2,U
3.8535,11,U
3.854,10,U
3.854,9,U
3.854,8,U
3.854,4,U
3.854,6,U
3.854,5,U
3.854,3,U
3.854,7,U
3.854,2,U
3.854,11,U
3.8545,11,U
3.8545,3,U
3.8545,4,U
3.8545,5,U
3.8545,10,U
3.8545,2,U
3.8545,7,U
3.8545,8,U
3.8545,9,U
3.8545,6,U
3.855,27,U
3.855,3,U
3.855,21,U
3.855,11,U
3.855,10,U
3.855,9,U
3.855,43,U
3.855,5,U
3.855,28,U
3.855,26,U
3.855,4,U
3.855,24,U
3.855,6,U
3.855,7,U
3.855,8,U
3.855,40,U
3.855,35,U
3.855,2,U
3.855,12,U
3.855,13,U
3.855,14,U
3.855,25,U
3.855,37,U
3.855,16,U
3.855,23,U
3.855,22,U
3.855,20,U
3.855,19,U
3.855,18,U
3.855,17,U
3.855,15,U
3.8555,6,U
3.8555,3,U
3.8555,11,U
3.8555,10,U
3.8555,9,U
3.8555,4,U
3.8555,7,U
3.8555,5,U
3.8555,8,U
3.8555,2,U
3.856,7,U
3.856,4,U
3.856,5,U
3.856,6,U
3.856,8,U
3.856,9,U
3.856,10,U
3.856,11,U
3.856,3,U
3.856,2,U
3.8565,4,U
3.8565,5,U
3.8565,6,U
3.8565,8,U
3.8565,9,U
3.8565,10,U
3.8565,11,U
3.8565,3,U
3.8565,2,U
3.8565,7,U
3.857,11,U
3.857,8,U
3.857,7,U
3.857,6,U
3.857,5,U
3.857,4,U
3.857,3,U
3.857,2,U
3.857,10,U
3.857,9,U
3.8575,11,U
3.8575,4,U
3.8575,5,U
3.8575,6,U
3.8575,7,U
3.8575,8,U
3.8575,9,U
3.8575,3,U
3.8575,2,U
3.8575,10,U
3.858,7,U
3.858,6,U
3.858,5,U
3.858,4,U
3.858,3,U
3.858,2,U
3.858,8,U
3.858,11,U
3.858,10,U
3.858,9,U
3.8585,2,U
3.8585,3,U
3.8585,4,U
3.8585,5,U
3.8585,6,U
3.8585,7,U
3.8585,8,U
3.8585,9,U
3.8585,11,U
3.8585,10,U
3.859,3,U
3.859,4,U
3.859,5,U
3.859,6,U
3.859,7,U
3.859,8,U
3.859,9,U
3.859,11,U
3.859,10,U
3.8595,11,U
3.8595,9,U
3.8595,8,U
3.8595,7,U
3.8595,10,U
3.8595,5,U
3.8595,4,U
3.8595,3,U
3.8595,2,U
3.8595,6,U
3.86,8,U
3.86,2,U
3.86,3,U
3.86,4,U
3.86,5,U
3.86,6,U
3.86,7,U
3.86,46,U
3.86,9,U
3.86,11,U
3.86,32,U
3.86,27,U
3.86,26,U
3.86,12,U
3.86,13,U
3.86,14,U
3.86,15,U
3.86,10,U
3.86,16,U
3.86,18,U
3.86,19,U
3.86,20,U
3.86,21,U
3.86,22,U
3.86,23,U
3.86,24,U
3.86,17,U
3.86,25,U
3.8605,3,U
3.8605,4,U
3.8605,5,U
3.8605,6,U
3.8605,7,U
3.8605,8,U
3.8605,2,U
3.8605,9,U
3.8605,10,U
3.8605,11,U
3.861,8,U
3.861,11,U
3.861,10,U
3.861,9,U
3.861,7,U
3.861,3,U
3.861,5,U
3.861,4,U
3.861,2,U
3.861,6,U
3.8615,11,U
3.8615,7,U
3.8615,10,U
3.8615,9,U
3.8615,6,U
3.8615,8,U
3.8615,4,U
3.8615,3,U
3.8615,2,U
3.8615,5,U
3.862,11,U
3.862,8,U
3.862,10,U
3.862,9,U
3.862,7,U
3.862,3,U
3.862,5,U
3.862,4,U
3.862,2,U
3.862,6,U
3.8625,11,U
3.8625,10,U
3.8625,9,U
3.8625,8,U
3.8625,7,U
3.8625,6,U
3.8625,4,U
3.8625,3,U
3.8625,2,U
3.8625,5,U
3.863,8,U
3.863,11,U
3.863,10,U
3.863,9,U
3.863,7,U
3.863,4,U
3.863,5,U
3.863,3,U
3.863,2,U
3.863,6,U
3.8635,10,U
3.8635,7,U
3.8635,9,U
3.8635,8,U
3.8635,6,U
3.8635,11,U
3.8635,4,U
3.8635,3,U
3.8635,2,U
3.8635,5,U
3.864,11,U
3.864,10,U
3.864,9,U
3.864,8,U
3.864,7,U
3.864,6,U
3.864,4,U
3.864,3,U
3.864,2,U
3.864,5,U
3.8645,10,U
3.8645,11,U
3.8645,9,U
3.8645,8,U
3.8645,6,U
3.8645,7,U
3.8645,4,U
3.8645,3,U
3.8645,2,U
3.8645,5,U
3.865,24,U
3.865,23,U
3.865,22,U
3.865,21,U
3.865,20,U
3.865,19,U
3.865,18,U
3.865,16,U
3.865,15,U
3.865,14,U
3.865,13,U
3.865,12,U
3.865,38,U
3.865,25,U
3.865,41,U
3.865,17,U
3.865,26,U
3.865,34,U
3.865,28,U
3.865,37,U
3.865,2,U
3.865,3,U
3.865,4,U
3.865,5,U
3.865,6,U
3.865,7,U
3.865,8,U
3.865,9,U
3.865,10,U
3.865,11,U
3.8655,9,U
3.8655,2,U
3.8655,3,U
3.8655,4,U
3.8655,5,U
3.8655,6,U
3.8655,7,U
3.8655,11,U
3.8655,10,U
3.8655,8,U
3.866,11,U
3.866,10,U
3.866,9,U
3.866,8,U
3.866,7,U
3.866,6,U
3.866,5,U
3.866,4,U
3.866,2,U
3.866,3,U
3.8665,2,U
3.8665,6,U
3.8665,4,U
3.8665,11,U
3.8665,10,U
3.8665,5,U
3.8665,9,U
3.8665,8,U
3.8665,7,U
3.8665,3,U
3.867,11,U
3.867,10,U
3.867,9,U
3.867,5,U
3.867,7,U
3.867,6,U
3.867,2,U
3.867,3,U
3.867,8,U
3.867,4,U
3.8675,2,U
3.8675,3,U
3.8675,4,U
3.8675,5,U
3.8675,6,U
3.8675,7,U
3.8675,8,U
3.8675,9,U
3.8675,10,U
3.8675,11,U
3.868,9,U
3.868,7,U
3.868,6,U
3.868,5,U
3.868,10,U
3.868,3,U
3.868,2,U
3.868,8,U
3.868,4,U
3.868,11,U
3.8685,2,U
3.8685,11,U
3.8685,3,U
3.8685,4,U
3.8685,5,U
3.8685,6,U
3.8685,7,U
3.8685,8,U
3.8685,9,U
3.8685,10,U
3.869,9,U
3.869,3,U
3.869,4,U
3.869,5,U
3.869,6,U
3.869,10,U
3.869,11,U
3.869,7,U
3.869,8,U
3.869,2,U
3.8695,7,U
3.8695,3,U
3.8695,6,U
3.8695,11,U
3.8695,10,U
3.8695,9,U
3.8695,8,U
3.8695,5,U
3.8695,4,U
3.8695,2,U
3.87,22,U
3.87,18,U
3.87,19,U
3.87,17,U
3.87,41,U
3.87,31,U
3.87,23,U
3.87,28,U
3.87,27,U
3.87,26,U
3.87,25,U
3.87,20,U
3.87,21,U
3.87,35,U
3.87,16,U
3.87,7,U
3.87,14,U
3.87,13,U
3.87,12,U
3.87,8,U
3.87,6,U
3.87,5,U
3.87,4,U
3.87,3,U
3.87,2,U
3.87,38,U
3.87,34,U
3.87,32,U
3.87,29,U
3.87,42,U
3.87,15,U
3.87,61,U
3.87,24,U
3.87,9,U
3.87,10,U
3.87,11,U
3.8705,11,U
3.8705,10,U
3.8705,8,U
3.8705,7,U
3.8705,6,U
3.8705,9,U
3.8705,4,U
3.8705,3,U
3.8705,2,U
3.8705,5,U
3.871,6,U
3.871,10,U
3.871,2,U
3.871,3,U
3.871,4,U
3.871,11,U
3.871,9,U
3.871,5,U
3.871,8,U
3.871,7,U
3.8715,4,U
3.8715,2,U
3.8715,5,U
3.8715,3,U
3.8715,6,U
3.8715,10,U
3.8715,8,U
3.8715,9,U
3.8715,11,U
3.8715,7,U
3.872,2,U
3.872,9,U
3.872,11,U
3.872,10,U
3.872,8,U
3.872,3,U
3.872,6,U
3.872,5,U
3.872,4,U
3.872,7,U
3.8725,11,U
3.8725,9,U
3.8725,8,U
3.8725,7,U
3.8725,10,U
3.8725,5,U
3.8725,4,U
3.8725,3,U
3.8725,2,U
3.8725,6,U
3.873,2,U
3.873,10,U
3.873,3,U
3.873,4,U
3.873,5,U
3.873,7,U
3.873,8,U
3.873,9,U
3.873,11,U
3.873,6,U
3.8735,4,U
3.8735,3,U
3.8735,2,U
3.8735,6,U
3.8735,7,U
3.8735,8,U
3.8735,9,U
3.8735,10,U
3.8735,5,U
3.8735,11,U
3.874,11,U
3.874,10,U
3.874,9,U
3.874,8,U
3.874,4,U
3.874,6,U
3.874,5,U
3.874,3,U
3.874,2,U
3.874,7,U
3.8745,11,U
3.8745,10,U
3.8745,9,U
3.8745,8,U
3.8745,4,U
3.8745,6,U
3.8745,5,U
3.8745,3,U
3.8745,2,U
3.8745,7,U
3.875,28,U
3.875,29,U
3.875,32,U
3.875,11,U
3.875,10,U
3.875,9,U
3.875,7,U
3.875,6,U
3.875,5,U
3.875,4,U
3.875,3,U
3.875,12,U
3.875,8,U
3.875,2,U
3.875,13,U
3.875,23,U
3.875,25,U
3.875,24,U
3.875,31,U
3.875,22,U
3.875,21,U
3.875,14,U
3.875,34,U
3.875,37,U
3.875,19,U
3.875,20,U
3.875,15,U
3.875,18,U
3.875,17,U
3.875,16,U
3.875,27,U
3.875,30,U
3.8755,2,U
3.8755,4,U
3.8755,5,U
3.8755,6,U
3.8755,7,U
3.8755,8,U
3.8755,9,U
3.8755,10,U
3.8755,11,U
3.8755,3,U
3.876,6,U
3.876,10,U
3.876,5,U
3.876,4,U
3.876,3,U
3.876,2,U
3.876,7,U
3.876,8,U
3.876,9,U
3.876,11,U
3.8765,3,U
3.8765,4,U
3.8765,10,U
3.8765,9,U
3.8765,8,U
3.8765,7,U
3.8765,6,U
3.8765,5,U
3.8765,2,U
3.8765,11,U
3.877,2,U
3.877,3,U
3.877,4,U
3.877,6,U
3.877,5,U
3.877,7,U
3.877,8,U
3.877,9,U
3.877,10,U
3.877,11,U
3.8775,5,U
3.8775,2,U
3.8775,3,U
3.8775,4,U
3.8775,6,U
3.8775,7,U
3.8775,8,U
3.8775,9,U
3.8775,10,U
3.8775,11,U
3.878,3,U
3.878,10,U
3.878,4,U
3.878,2,U
3.878,9,U
3.878,8,U
3.878,7,U
3.878,6,U
3.878,5,U
3.878,11,U
3.8785,2,U
3.8785,3,U
3.8785,4,U
3.8785,5,U
3.8785,6,U
3.8785,7,U
3.8785,8,U
3.8785,9,U
3.8785,10,U
3.8785,11,U
3.879,9,U
3.879,8,U
3.879,3,U
3.879,5,U
3.879,6,U
3.879,7,U
3.879,11,U
3.879,10,U
3.879,4,U
3.8795,11,U
3.8795,10,U
3.8795,9,U
3.8795,8,U
3.8795,7,U
3.8795,6,U
3.8795,5,U
3.8795,3,U
3.8795,2,U
3.8795,4,U
3.88,17,U
3.88,13,U
3.88,27,U
3.88,28,U
3.88,12,U
3.88,32,U
3.88,2,U
3.88,3,U
3.88,25,U
3.88,4,U
3.88,6,U
3.88,7,U
3.88,8,U
3.88,9,U
3.88,10,U
3.88,11,U
3.88,5,U
3.88,24,U
3.88,29,U
3.88,22,U
3.88,26,U
3.88,30,U
3.88,23,U
3.88,14,U
3.88,15,U
3.88,16,U
3.88,33,U
3.88,31,U
3.88,56,U
3.88,40,U
3.88,39,U
3.88,36,U
3.88,19,U
3.88,20,U
3.88,21,U
3.88,18,U
3.8805,10,U
3.8805,9,U
3.8805,8,U
3.8805,7,U
3.8805,3,U
3.8805,5,U
3.8805,4,U
3.8805,2,U
3.8805,6,U
3.8805,11,U
3.881,2,U
3.881,7,U
3.881,5,U
3.881,4,U
3.881,3,U
3.881,8,U
3.881,9,U
3.881,10,U
3.881,11,U
3.881,6,U
3.8815,3,U
3.8815,4,U
3.8815,6,U
3.8815,7,U
3.8815,5,U
3.8815,10,U
3.8815,11,U
3.8815,9,U
3.8815,8,U
3.882,2,U
3.882,3,U
3.882,4,U
3.882,5,U
3.882,6,U
3.882,7,U
3.882,8,U
3.882,9,U
3.882,10,U
3.882,11,U
3.8825,7,U
3.8825,5,U
3.8825,4,U
3.8825,2,U
3.8825,9,U
3.8825,3,U
3.8825,10,U
3.8825,11,U
3.8825,6,U
3.8825,8,U
3.883,2,U
3.883,3,U
3.883,6,U
3.883,7,U
3.883,8,U
3.883,9,U
3.883,10,U
3.883,11,U
3.883,5,U
3.883,4,U
3.8835,2,U
3.8835,11,U
3.8835,8,U
3.8835,9,U
3.8835,3,U
3.8835,7,U
3.8835,6,U
3.8835,5,U
3.8835,4,U
3.8835,10,U
3.884,2,U
3.884,3,U
3.884,10,U
3.884,5,U
3.884,6,U
3.884,7,U
3.884,8,U
3.884,9,U
3.884,11,U
3.884,4,U
3.8845,9,U
3.8845,10,U
3.8845,2,U
3.8845,3,U
3.8845,4,U
3.8845,11,U
3.8845,6,U
3.8845,7,U
3.8845,8,U
3.8845,5,U
3.885,22,U
3.885,17,U
3.885,18,U
3.885,19,U
3.885,20,U
3.885,21,U
3.885,23,U
3.885,28,U
3.885,25,U
3.885,26,U
3.885,27,U
3.885,16,U
3.885,29,U
3.885,30,U
3.885,33,U
3.885,35,U
3.885,24,U
3.885,15,U
3.885,32,U
3.885,13,U
3.885,2,U
3.885,3,U
3.885,4,U
3.885,5,U
3.885,6,U
3.885,7,U
3.885,8,U
3.885,10,U
3.885,11,U
3.885,50,U
3.885,49,U
3.885,45,U
3.885,44,U
3.885,42,U
3.885,34,U
3.885,31,U
3.885,12,U
3.885,14,U
3.885,9,U
3.8855,11,U
3.8855,2,U
3.8855,3,U
3.8855,4,U
3.8855,5,U
3.8855,6,U
3.8855,7,U
3.8855,8,U
3.8855,9,U
3.8855,10,U
3.886,11,U
3.886,10,U
3.886,9,U
3.886,8,U
3.886,7,U
3.886,4,U
3.886,5,U
3.886,3,U
3.886,2,U
3.886,6,U
3.8865,9,U
3.8865,11,U
3.8865,10,U
3.8865,8,U
3.8865,7,U
3.8865,5,U
3.8865,4,U
3.8865,3,U
3.8865,2,U
3.8865,6,U
3.887,9,U
3.887,11,U
3.887,10,U
3.887,8,U
3.887,7,U
3.887,6,U
3.887,5,U
3.887,4,U
3.887,3,U
3.887,2,U
3.8875,9,U
3.8875,8,U
3.8875,7,U
3.8875,6,U
3.8875,11,U
3.8875,4,U
3.8875,3,U
3.8875,2,U
3.8875,5,U
3.8875,10,U
3.888,3,U
3.888,5,U
3.888,6,U
3.888,7,U
3.888,8,U
3.888,2,U
3.888,4,U
3.888,9,U
3.888,10,U
3.888,11,U
3.8885,5,U
3.8885,6,U
3.8885,11,U
3.8885,4,U
3.8885,3,U
3.8885,10,U
3.8885,9,U
3.8885,8,U
3.8885,7,U
3.8885,2,U
3.889,5,U
3.889,2,U
3.889,3,U
3.889,11,U
3.889,10,U
3.889,9,U
3.889,8,U
3.889,7,U
3.889,6,U
3.889,4,U
3.8895,4,U
3.8895,8,U
3.8895,9,U
3.8895,10,U
3.8895,11,U
3.8895,5,U
3.8895,3,U
3.8895,2,U
3.8895,7,U
3.8895,6,U
3.89,51,U
3.89,12,U
3.89,28,U
3.89,29,U
3.89,2,U
3.89,3,U
3.89,4,U
3.89,5,U
3.89,6,U
3.89,7,U
3.89,8,U
3.89,9,U
3.89,10,U
3.89,11,U
3.89,38,U
3.89,43,U
3.89,13,U
3.89,45,U
3.89,14,U
3.89,16,U
3.89,42,U
3.89,39,U
3.89,36,U
3.89,32,U
3.89,30,U
3.89,27,U
3.89,26,U
3.89,15,U
3.89,25,U
3.89,23,U
3.89,22,U
3.89,21,U
3.89,20,U
3.89,19,U
3.89,18,U
3.89,17,U
3.89,24,U
3.8905,11,U
3.8905,10,U
3.8905,9,U
3.8905,8,U
3.8905,5,U
3.8905,6,U
3.8905,4,U
3.8905,3,U
3.8905,2,U
3.8905,7,U
3.891,11,U
3.891,10,U
3.891,9,U
3.891,8,U
3.891,7,U
3.891,6,U
3.891,5,U
3.891,4,U
3.891,3,U
3.891,2,U
3.8915,11,U
3.8915,10,U
3.8915,9,U
3.8915,8,U
3.8915,7,U
3.8915,2,U
3.8915,5,U
3.8915,4,U
3.8915,3,U
3.8915,6,U
3.892,8,U
3.892,6,U
3.892,7,U
3.892,9,U
3.892,5,U
3.892,11,U
3.892,3,U
3.892,2,U
3.892,10,U
3.892,4,U
3.8925,11,U
3.8925,3,U
3.8925,4,U
3.8925,5,U
3.8925,6,U
3.8925,7,U
3.8925,8,U
3.8925,9,U
3.8925,10,U
3.8925,2,U
3.893,11,U
3.893,10,U
3.893,9,U
3.893,8,U
3.893,4,U
3.893,6,U
3.893,5,U
3.893,3,U
3.893,2,U
3.893,7,U
3.8935,11,U
3.8935,10,U
3.8935,8,U
3.8935,9,U
3.8935,5,U
3.8935,7,U
3.8935,2,U
3.8935,6,U
3.8935,3,U
3.8935,4,U
3.894,2,U
3.894,11,U
3.894,9,U
3.894,8,U
3.894,10,U
3.894,6,U
3.894,5,U
3.894,4,U
3.894,3,U
3.894,7,U
3.8945,3,U
3.8945,4,U
3.8945,5,U
3.8945,6,U
3.8945,7,U
3.8945,8,U
3.8945,9,U
3.8945,10,U
3.8945,11,U
3.8945,2,U
3.895,41,U
3.895,31,U
3.895,37,U
3.895,30,U
3.895,28,U
3.895,45,U
3.895,42,U
3.895,39,U
3.895,36,U
3.895,35,U
3.895,34,U
3.895,12,U
3.895,13,U
3.895,14,U
3.895,53,U
3.895,15,U
3.895,17,U
3.895,18,U
3.895,19,U
3.895,20,U
3.895,21,U
3.895,22,U
3.895,23,U
3.895,24,U
3.895,25,U
3.895,26,U
3.895,27,U
3.895,29,U
3.895,16,U
3.895,32,U
3.895,33,U
3.895,2,U
3.895,3,U
3.895,4,U
3.895,5,U
3.895,6,U
3.895,7,U
3.895,8,U
3.895,9,U
3.895,10,U
3.895,11,U
3.8955,8,U
3.8955,11,U
3.8955,10,U
3.8955,9,U
3.8955,7,U
3.8955,3,U
3.8955,5,U
3.8955,4,U
3.8955,2,U
3.8955,6,U
3.896,11,U
3.896,8,U
3.896,10,U
3.896,9,U
3.896,7,U
3.896,3,U
3.896,5,U
3.896,4,U
3.896,2,U
3.896,6,U
3.8965,11,U
3.8965,8,U
3.8965,10,U
3.8965,9,U
3.8965,7,U
3.8965,3,U
3.8965,5,U
3.8965,4,U
3.8965,2,U
3.8965,6,U
3.897,11,U
3.897,8,U
3.897,10,U
3.897,9,U
3.897,7,U
3.897,3,U
3.897,5,U
3.897,4,U
3.897,2,U
3.897,6,U
3.8975,11,U
3.8975,10,U
3.8975,9,U
3.8975,8,U
3.8975,7,U
3.8975,6,U
3.8975,4,U
3.8975,3,U
3.8975,2,U
3.8975,5,U
3.898,8,U
3.898,11,U
3.898,10,U
3.898,9,U
3.898,7,U
3.898,2,U
3.898,5,U
3.898,4,U
3.898,3,U
3.898,6,U
3.8985,11,U
3.8985,10,U
3.8985,9,U
3.8985,8,U
3.8985,7,U
3.8985,6,U
3.8985,4,U
3.8985,3,U
3.8985,2,U
3.8985,5,U
3.899,8,U
3.899,11,U
3.899,10,U
3.899,9,U
3.899,7,U
3.899,4,U
3.899,5,U
3.899,6,U
3.899,3,U
3.899,2,U
3.8995,11,U
3.8995,10,U
3.8995,8,U
3.8995,7,U
3.8995,9,U
3.8995,5,U
3.8995,3,U
3.8995,2,U
3.8995,6,U
3.9,28,U
3.9,35,U
3.9,34,U
3.9,33,U
3.9,32,U
3.9,31,U
3.9,36,U
3.9,30,U
3.9,12,U
3.9,29,U
3.9,27,U
3.9,20,U
3.9,25,U
3.9,24,U
3.9,23,U
3.9,22,U
3.9,21,U
3.9,19,U
3.9,18,U
3.9,17,U
3.9,16,U
3.9,39,U
3.9,15,U
3.9,26,U
3.9,44,U
3.9,13,U
3.9,10,U
3.9,14,U
3.9,2,U
3.9,3,U
3.9,4,U
3.9,5,U
3.9,6,U
3.9,7,U
3.9,8,U
3.9,9,U
3.9,11,U
3.9,48,U
3.9005,11,U
3.9005,7,U
3.9005,6,U
3.9005,5,U
3.9005,10,U
3.9005,3,U
3.9005,2,U
3.9005,8,U
3.9005,4,U
3.9005,9,U
3.901,7,U
3.901,2,U
3.901,8,U
3.901,9,U
3.901,10,U
3.901,11,U
3.901,6,U
3.901,5,U
3.901,4,U
3.901,3,U
3.9015,7,U
3.9015,6,U
3.9015,9,U
3.9015,4,U
3.9015,3,U
3.9015,2,U
3.9015,10,U
3.9015,11,U
3.9015,8,U
3.9015,5,U
3.902,11,U
3.902,2,U
3.902,3,U
3.902,4,U
3.902,5,U
3.902,6,U
3.902,7,U
3.902,8,U
3.902,9,U
3.902,10,U
3.9025,11,U
3.9025,10,U
3.9025,9,U
3.9025,8,U
3.9025,7,U
3.9025,5,U
3.9025,4,U
3.9025,3,U
3.9025,2,U
3.9025,6,U
3.903,7,U
3.903,9,U
3.903,2,U
3.903,3,U
3.903,4,U
3.903,5,U
3.903,6,U
3.903,8,U
3.903,10,U
3.903,11,U
3.9035,5,U
3.9035,11,U
3.9035,10,U
3.9035,8,U
3.9035,7,U
3.9035,9,U
3.9035,4,U
3.9035,3,U
3.9035,2,U
3.9035,6,U
3.904,11,U
3.904,9,U
3.904,8,U
3.904,7,U
3.904,6,U
3.904,5,U
3.904,4,U
3.904,3,U
3.904,2,U
3.904,10,U
3.9045,7,U
3.9045,8,U
3.9045,3,U
3.9045,4,U
3.9045,5,U
3.9045,6,U
3.9045,11,U
3.9045,10,U
3.9045,9,U
3.9045,2,U
3.905,24,U
3.905,25,U
3.905,26,U
3.905,29,U
3.905,28,U
3.905,23,U
3.905,30,U
3.905,27,U
3.905,22,U
3.905,18,U
3.905,20,U
3.905,19,U
3.905,17,U
3.905,16,U
3.905,15,U
3.905,14,U
3.905,13,U
3.905,12,U
3.905,31,U
3.905,21,U
3.905,32,U
3.905,7,U
3.905,34,U
3.905,2,U
3.905,3,U
3.905,4,U
3.905,5,U
3.905,6,U
3.905,52,U
3.905,8,U
3.905,9,U
3.905,10,U
3.905,11,U
3.905,33,U
3.905,53,U
3.905,35,U
3.905,37,U
3.905,36,U
3.905,38,U
3.905,39,U
3.905,48,U
3.9055,8,U
3.9055,2,U
3.9055,3,U
3.9055,4,U
3.9055,5,U
3.9055,6,U
3.9055,7,U
3.9055,9,U
3.9055,10,U
3.9055,11,U
3.906,5,U
3.906,3,U
3.906,4,U
3.906,5,S
3.906,6,U
3.906,7,U
3.906,8,U
3.906,2,U
3.906,11,U
3.906,10,U
3.906,9,U
3.9065,4,U
3.9065,3,U
3.9065,2,U
3.9065,9,U
3.9065,10,U
3.9065,8,U
3.9065,7,U
3.9065,6,U
3.9065,11,U
3.9065,5,U
3.907,6,U
3.907,11,U
3.907,10,U
3.907,9,U
3.907,8,U
3.907,7,U
3.907,5,U
3.907,4,U
3.907,2,U
3.907,3,U
3.9075,8,U
3.9075,10,U
3.9075,4,U
3.9075,11,U
3.9075,7,U
3.9075,2,U
3.9075,6,U
3.9075,3,U
3.9075,9,U
3.9075,5,U
3.908,2,U
3.908,3,U
3.908,4,U
3.908,9,U
3.908,6,U
3.908,5,U
3.908,7,U
3.908,11,U
3.908,10,U
3.908,8,U
3.9085,2,U
3.9085,3,U
3.9085,4,U
3.9085,5,U
3.9085,6,U
3.9085,11,U
3.9085,10,U
3.9085,9,U
3.9085,7,U
3.9085,8,U
3.909,9,U
3.909,3,U
3.909,4,U
3.909,5,U
3.909,6,U
3.909,7,U
3.909,8,U
3.909,10,U
3.909,11,U
3.9095,11,U
3.9095,3,U
3.9095,10,U
3.9095,5,U
3.9095,6,U
3.9095,7,U
3.9095,8,U
3.9095,9,U
3.9095,4,U
3.9095,2,U
3.91,16,U
3.91,15,U
3.91,14,U
3.91,13,U
3.91,12,U
3.91,20,U
3.91,17,U
3.91,18,U
3.91,19,U
3.91,2,U
3.91,23,U
3.91,3,U
3.91,4,U
3.91,5,U
3.91,6,U
3.91,7,U
3.91,8,U
3.91,9,U
3.91,10,U
3.91,11,U
3.91,34,U
3.91,22,U
3.91,70,U
3.91,52,U
3.91,41,U
3.91,40,U
3.91,43,U
3.91,67,U
3.91,24,U
3.91,25,U
3.91,26,U
3.91,27,U
3.91,28,U
3.91,29,U
3.91,30,U
3.91,31,U
3.91,32,U
3.91,39,U
3.91,21,U
3.91,33,U
3.91,35,U
3.91,36,U
3.91,37,U
3.91,38,U
3.9105,5,U
3.9105,7,U
3.9105,3,U
3.9105,2,U
3.9105,8,U
3.9105,9,U
3.9105,10,U
3.9105,11,U
3.9105,6,U
3.9105,4,U
3.911,10,U
3.911,6,U
3.911,2,U
3.911,3,U
3.911,4,U
3.911,8,U
3.911,9,U
3.911,11,U
3.911,5,U
3.911,7,U
3.9115,2,U
3.9115,4,U
3.9115,3,U
3.9115,7,U
3.9115,8,U
3.9115,9,U
3.9115,10,U
3.9115,11,U
3.9115,5,U
3.9115,6,U
3.912,5,U
3.912,7,U
3.912,11,U
3.912,8,U
3.912,6,U
3.912,9,U
3.912,10,U
3.912,3,U
3.912,2,U
3.912,4,U
3.9125,3,U
3.9125,4,U
3.9125,5,U
3.9125,6,U
3.9125,7,U
3.9125,8,U
3.9125,9,U
3.9125,2,U
3.9125,10,U
3.9125,11,U
3.913,2,U
3.913,3,U
3.913,4,U
3.913,5,U
3.913,6,U
3.913,7,U
3.913,8,U
3.913,9,U
3.913,10,U
3.913,11,U
3.9135,4,U
3.9135,3,U
3.9135,2,U
3.9135,6,U
3.9135,8,U
3.9135,9,U
3.9135,10,U
3.9135,11,U
3.9135,5,U
3.9135,7,U
3.914,10,U
3.914,9,U
3.914,8,U
3.914,11,U
3.914,5,U
3.914,4,U
3.914,3,U
3.914,2,U
3.914,7,U
3.914,6,U
3.9145,2,U
3.9145,3,U
3.9145,4,U
3.9145,5,U
3.9145,7,U
3.9145,8,U
3.9145,9,U
3.9145,10,U
3.9145,11,U
3.9145,6,U
3.915,39,U
3.915,17,U
3.915,16,U
3.915,2,U
3.915,3,U
3.915,4,U
3.915,5,U
3.915,6,U
3.915,7,U
3.915,8,U
3.915,9,U
3.915,10,U
3.915,11,U
3.915,15,U
3.915,14,U
3.915,13,U
3.915,41,U
3.915,40,U
3.915,18,U
3.915,19,U
3.915,12,U
3.915,21,U
3.915,20,U
3.915,37,U
3.915,36,U
3.915,35,U
3.915,33,U
3.915,32,U
3.915,31,U
3.915,30,U
3.915,34,U
3.915,28,U
3.915,22,U
3.915,29,U
3.915,24,U
3.915,25,U
3.915,23,U
3.915,38,U
3.915,27,U
3.915,26,U
3.9155,4,U
3.9155,2,U
3.9155,3,U
3.9155,5,U
3.9155,6,U
3.9155,11,U
3.9155,7,U
3.9155,8,U
3.9155,9,U
3.9155,10,U
3.916,2,U
3.916,10,U
3.916,11,U
3.916,9,U
3.916,3,U
3.916,8,U
3.916,4,U
3.916,7,U
3.916,5,U
3.916,6,U
3.9165,5,U
3.9165,9,U
3.9165,8,U
3.9165,7,U
3.9165,10,U
3.9165,11,U
3.9165,4,U
3.9165,3,U
3.9165,2,U
3.9165,6,U
3.917,2,U
3.917,9,U
3.917,3,U
3.917,4,U
3.917,5,U
3.917,6,U
3.917,7,U
3.917,8,U
3.917,10,U
3.917,11,U
3.9175,2,U
3.9175,6,U
3.9175,3,U
3.9175,5,U
3.9175,8,U
3.9175,9,U
3.9175,10,U
3.9175,11,U
3.9175,4,U
3.9175,7,U
3.918,11,U
3.918,9,U
3.918,8,U
3.918,10,U
3.918,6,U
3.918,5,U
3.918,4,U
3.918,3,U
3.918,2,U
3.918,7,U
3.9185,2,U
3.9185,4,U
3.9185,5,U
3.9185,6,U
3.9185,7,U
3.9185,8,U
3.9185,9,U
3.9185,10,U
3.9185,11,U
3.9185,3,U
3.919,3,U
3.919,5,U
3.919,4,U
3.919,11,U
3.919,10,U
3.919,2,U
3.919,8,U
3.919,7,U
3.919,9,U
3.919,6,U
3.9195,11,U
3.9195,9,U
3.9195,7,U
3.9195,10,U
3.9195,5,U
3.9195,4,U
3.9195,3,U
3.9195,2,U
3.9195,6,U
3.9195,8,U
3.92,2,U
3.92,3,U
3.92,4,U
3.92,5,U
3.92,6,U
3.92,7,U
3.92,8,U
3.92,9,U
3.92,25,U
3.92,26,U
3.92,10,U
3.92,32,U
3.92,33,U
3.92,40,U
3.92,46,U
3.92,58,U
3.92,79,U
3.92,47,U
3.92,45,U
3.92,44,U
3.92,43,U
3.92,24,U
3.92,42,U
3.92,39,U
3.92,38,U
3.92,37,U
3.92,36,U
3.92,35,U
3.92,34,U
3.92,31,U
3.92,30,U
3.92,29,U
3.92,28,U
3.92,27,U
3.92,41,U
3.92,11,U
3.92,18,U
3.92,12,U
3.92,23,U
3.92,22,U
3.92,14,U
3.92,15,U
3.92,16,U
3.92,17,U
3.92,19,U
3.92,20,U
3.92,21,U
3.92,13,U
3.9205,11,U
3.9205,10,U
3.9205,9,U
3.9205,8,U
3.9205,2,U
3.9205,6,U
3.9205,5,U
3.9205,4,U
3.9205,3,U
3.9205,7,U
3.921,2,U
3.921,4,U
3.921,5,U
3.921,6,U
3.921,7,U
3.921,8,U
3.921,9,U
3.921,10,U
3.921,11,U
3.921,3,U
3.9215,11,U
3.9215,10,U
3.9215,9,U
3.9215,8,U
3.9215,4,U
3.9215,6,U
3.9215,5,U
3.9215,3,U
3.9215,2,U
3.9215,7,U
3.922,4,U
3.922,5,U
3.922,11,U
3.922,10,U
3.922,9,U
3.922,8,U
3.922,7,U
3.922,6,U
3.922,2,U
3.922,3,U
3.9225,6,U
3.9225,3,U
3.9225,2,U
3.9225,4,U
3.9225,5,U
3.9225,7,U
3.9225,8,U
3.9225,9,U
3.9225,10,U
3.9225,11,U
3.923,9,U
3.923,10,U
3.923,11,U
3.923,7,U
3.923,2,U
3.923,3,U
3.923,4,U
3.923,8,U
3.923,6,U
3.923,5,U
3.9235,11,U
3.9235,9,U
3.9235,8,U
3.9235,7,U
3.9235,6,U
3.9235,5,U
3.9235,3,U
3.9235,2,U
3.9235,10,U
3.9235,4,U
3.924,2,U
3.924,6,U
3.924,4,U
3.924,3,U
3.924,7,U
3.924,8,U
3.924,9,U
3.924,10,U
3.924,11,U
3.924,5,U
3.9245,5,U
3.9245,3,U
3.9245,11,U
3.9245,10,U
3.9245,9,U
3.9245,8,U
3.9245,7,U
3.9245,6,U
3.9245,4,U
3.9245,2,U
3.925,18,U
3.925,62,U
3.925,17,U
3.925,19,U
3.925,47,U
3.925,48,U
3.925,49,U
3.925,51,U
3.925,54,U
3.925,59,U
3.925,73,U
3.925,16,U
3.925,20,U
3.925,24,U
3.925,22,U
3.925,53,U
3.925,45,U
3.925,44,U
3.925,43,U
3.925,42,U
3.925,41,U
3.925,40,U
3.925,39,U
3.925,38,U
3.925,35,U
3.925,34,U
3.925,33,U
3.925,32,U
3.925,31,U
3.925,30,U
3.925,29,U
3.925,28,U
3.925,27,U
3.925,26,U
3.925,25,U
3.925,23,U
3.925,21,U
3.925,46,U
3.925,14,U
3.925,67,U
3.925,15,U
3.925,11,U
3.925,10,U
3.925,9,U
3.925,12,U
3.925,8,U
3.925,13,U
3.925,6,U
3.925,5,U
3.925,4,U
3.925,3,U
3.925,2,U
3.925,7,U
3.9255,9,U
3.9255,11,U
3.9255,10,U
3.9255,8,U
3.9255,3,U
3.9255,6,U
3.9255,5,U
3.9255,4,U
3.9255,7,U
3.926,9,U
3.926,11,U
3.926,10,U
3.926,8,U
3.926,2,U
3.926,6,U
3.926,5,U
3.926,4,U
3.926,3,U
3.926,7,U
3.9265,11,U
3.9265,10,U
3.9265,9,U
3.9265,8,U
3.9265,6,U
3.9265,5,U
3.9265,4,U
3.9265,3,U
3.9265,2,U
3.9265,7,U
3.927,2,U
3.927,3,U
3.927,9,U
3.927,6,U
3.927,5,U
3.927,4,U
3.927,10,U
3.927,11,U
3.927,7,U
3.927,8,U
3.9275,4,U
3.9275,2,U
3.9275,3,U
3.9275,5,U
3.9275,6,U
3.9275,7,U
3.9275,8,U
3.9275,9,U
3.9275,10,U
3.9275,11,U
3.928,3,U
3.928,11,U
3.928,10,U
3.928,9,U
3.928,8,U
3.928,7,U
3.928,5,U
3.928,2,U
3.928,6,U
3.9285,5,U
3.9285,10,U
3.9285,8,U
3.9285,7,U
3.9285,6,U
3.9285,4,U
3.9285,3,U
3.9285,11,U
3.9285,9,U
3.9285,2,U
3.929,10,U
3.929,6,U
3.929,5,U
3.929,4,U
3.929,7,U
3.929,3,U
3.929,8,U
3.929,9,U
3.929,11,U
3.929,2,U
3.9295,2,U
3.9295,11,U
3.9295,9,U
3.9295,8,U
3.9295,7,U
3.9295,10,U
3.9295,5,U
3.9295,4,U
3.9295,3,U
3.9295,6,U
3.93,15,U
3.93,18,U
3.93,17,U
3.93,16,U
3.93,12,U
3.93,13,U
3.93,14,U
3.93,43,U
3.93,47,U
3.93,19,U
3.93,21,U
3.93,22,U
3.93,23,U
3.93,24,U
3.93,25,U
3.93,26,U
3.93,27,U
3.93,28,U
3.93,29,U
3.93,30,U
3.93,31,U
3.93,32,U
3.93,33,U
3.93,34,U
3.93,35,U
3.93,36,U
3.93,37,U
3.93,38,U
3.93,39,U
3.93,40,U
3.93,41,U
3.93,42,U
3.93,44,U
3.93,45,U
3.93,48,U
3.93,20,U
3.93,54,U
3.93,50,U
3.93,46,U
3.93,11,U
3.93,10,U
3.93,9,U
3.93,8,U
3.93,7,U
3.93,5,U
3.93,6,U
3.93,3,U
3.93,2,U
3.93,65,U
3.93,64,U
3.93,63,U
3.93,56,U
3.93,55,U
3.93,4,U
3.93,51,U
3.9305,9,U
3.9305,11,U
3.9305,10,U
3.9305,4,U
3.9305,6,U
3.9305,5,U
3.9305,3,U
3.9305,2,U
3.9305,7,U
3.9305,8,U
3.931,2,U
3.931,3,U
3.931,4,U
3.931,5,U
3.931,6,U
3.931,7,U
3.931,8,U
3.931,9,U
3.931,10,U
3.931,11,U
3.9315,6,U
3.9315,3,U
3.9315,2,U
3.9315,4,U
3.9315,11,U
3.9315,5,U
3.9315,9,U
3.9315,10,U
3.9315,8,U
3.9315,7,U
3.932,11,U
3.932,10,U
3.932,8,U
3.932,9,U
3.932,6,U
3.932,5,U
3.932,4,U
3.932,3,U
3.932,2,U
3.932,7,U
3.9325,10,U
3.9325,11,U
3.9325,8,U
3.9325,9,U
3.9325,6,U
3.9325,5,U
3.9325,4,U
3.9325,2,U
3.9325,7,U
3.9325,3,U
3.933,10,U
3.933,11,U
3.933,9,U
3.933,2,U
3.933,7,U
3.933,6,U
3.933,5,U
3.933,4,U
3.933,3,U
3.933,8,U
3.9335,2,U
3.9335,3,U
3.9335,4,U
3.9335,5,U
3.9335,6,U
3.9335,7,U
3.9335,8,U
3.9335,9,U
3.9335,11,U
3.9335,10,U
3.934,9,U
3.934,2,U
3.934,3,U
3.934,4,U
3.934,5,U
3.934,6,U
3.934,7,U
3.934,8,U
3.934,11,U
3.934,10,U
3.9345,4,U
3.9345,5,U
3.9345,10,U
3.9345,2,U
3.9345,9,U
3.9345,8,U
3.9345,3,U
3.9345,7,U
3.9345,6,U
3.9345,11,U
3.935,14,U
3.935,12,U
3.935,13,U
3.935,15,U
3.935,20,U
3.935,70,U
3.935,34,U
3.935,33,U
3.935,32,U
3.935,31,U
3.935,30,U
3.935,29,U
3.935,28,U
3.935,27,U
3.935,26,U
3.935,25,U
3.935,24,U
3.935,23,U
3.935,22,U
3.935,21,U
3.935,17,U
3.935,35,U
3.935,16,U
3.935,36,U
3.935,39,U
3.935,64,U
3.935,61,U
3.935,58,U
3.935,54,U
3.935,53,U
3.935,52,U
3.935,51,U
3.935,49,U
3.935,46,U
3.935,45,U
3.935,44,U
3.935,43,U
3.935,42,U
3.935,41,U
3.935,40,U
3.935,37,U
3.935,38,U
3.935,8,U
3.935,3,U
3.935,56,U
3.935,50,U
3.935,48,U
3.935,2,U
3.935,11,U
3.935,10,U
3.935,18,U
3.935,19,U
3.935,9,U
3.935,6,U
3.935,5,U
3.935,4,U
3.935,7,U
3.9355,7,U
3.9355,8,U
3.9355,10,U
3.9355,11,U
3.9355,5,U
3.9355,4,U
3.9355,3,U
3.9355,2,U
3.9355,6,U
3.9355,9,U
3.936,10,U
3.936,11,U
3.936,9,U
3.936,7,U
3.936,6,U
3.936,5,U
3.936,8,U
3.936,2,U
3.936,4,U
3.936,3,U
3.9365,11,U
3.9365,10,U
3.9365,8,U
3.9365,9,U
3.9365,6,U
3.9365,5,U
3.9365,4,U
3.9365,2,U
3.9365,7,U
3.9365,3,U
3.937,2,U
3.937,4,U
3.937,5,U
3.937,6,U
3.937,7,U
3.937,8,U
3.937,9,U
3.937,10,U
3.937,11,U
3.937,3,U
3.9375,11,U
3.9375,2,U
3.9375,3,U
3.9375,4,U
3.9375,5,U
3.9375,6,U
3.9375,7,U
3.9375,8,U
3.9375,9,U
3.9375,10,U
3.938,10,U
3.938,9,U
3.938,8,U
3.938,7,U
3.938,6,U
3.938,3,U
3.938,4,U
3.938,2,U
3.938,11,U
3.938,5,U
3.9385,5,U
3.9385,3,U
3.9385,4,U
3.9385,6,U
3.9385,2,U
3.9385,8,U
3.9385,7,U
3.9385,10,U
3.9385,11,U
3.9385,9,U
3.939,11,U
3.939,10,U
3.939,8,U
3.939,7,U
3.939,6,U
3.939,9,U
3.939,4,U
3.939,3,U
3.939,2,U
3.939,5,U
3.9395,10,U
3.9395,2,U
3.9395,3,U
3.9395,4,U
3.9395,5,U
3.9395,6,U
3.9395,7,U
3.9395,8,U
3.9395,9,U
3.9395,11,U
3.94,72,U
3.94,9,U
3.94,10,U
3.94,11,U
3.94,8,U
3.94,12,U
3.94,6,U
3.94,4,U
3.94,2,U
3.94,3,U
3.94,7,U
3.94,51,U
3.94,53,U
3.94,60,U
3.94,37,U
3.94,38,U
3.94,39,U
3.94,40,U
3.94,41,U
3.94,42,U
3.94,43,U
3.94,44,U
3.94,45,U
3.94,46,U
3.94,47,U
3.94,48,U
3.94,49,U
3.94,50,U
3.94,52,U
3.94,54,U
3.94,55,U
3.94,56,U
3.94,57,U
3.94,36,U
3.94,35,U
3.94,34,U
3.94,33,U
3.94,13,U
3.94,14,U
3.94,15,U
3.94,16,U
3.94,17,U
3.94,18,U
3.94,19,U
3.94,20,U
3.94,21,U
3.94,58,U
3.94,22,U
3.94,24,U
3.94,25,U
3.94,26,U
3.94,27,U
3.94,28,U
3.94,29,U
3.94,30,U
3.94,31,U
3.94,32,U
3.94,23,U
3.94,59,U
3.94,5,U
3.94,66,U
3.94,64,U
3.9405,11,U
3.9405,8,U
3.9405,2,U
3.9405,3,U
3.9405,10,U
3.9405,9,U
3.9405,7,U
3.9405,6,U
3.9405,5,U
3.9405,4,U
3.941,11,U
3.941,9,U
3.941,5,U
3.941,4,U
3.941,3,U
3.941,2,U
3.941,10,U
3.941,6,U
3.941,7,U
3.941,8,U
3.9415,3,U
3.9415,4,U
3.9415,5,U
3.9415,6,U
3.9415,7,U
3.9415,8,U
3.9415,9,U
3.9415,10,U
3.9415,11,U
3.942,4,U
3.942,3,U
3.942,2,U
3.942,5,U
3.942,11,U
3.942,10,U
3.942,9,U
3.942,8,U
3.942,7,U
3.942,6,U
3.9425,10,U
3.9425,11,U
3.9425,6,U
3.9425,5,U
3.9425,2,U
3.9425,3,U
3.9425,4,U
3.9425,9,U
3.9425,7,U
3.9425,8,U
3.943,2,U
3.943,3,U
3.943,4,U
3.943,5,U
3.943,6,U
3.943,7,U
3.943,8,U
3.943,9,U
3.943,10,U
3.943,11,U
3.9435,10,U
3.9435,9,U
3.9435,8,U
3.9435,7,U
3.9435,11,U
3.9435,5,U
3.9435,4,U
3.9435,2,U
3.9435,6,U
3.9435,3,U
3.944,5,U
3.944,2,U
3.944,3,U
3.944,4,U
3.944,6,U
3.944,8,U
3.944,9,U
3.944,10,U
3.944,11,U
3.944,7,U
3.9445,11,U
3.9445,10,U
3.9445,8,U
3.9445,7,U
3.9445,9,U
3.9445,5,U
3.9445,4,U
3.9445,3,U
3.9445,2,U
3.9445,6,U
3.945,9,U
3.945,2,U
3.945,3,U
3.945,4,U
3.945,5,U
3.945,6,U
3.945,7,U
3.945,11,U
3.945,10,U
3.945,66,U
3.945,65,U
3.945,76,U
3.945,27,U
3.945,26,U
3.945,25,U
3.945,24,U
3.945,23,U
3.945,22,U
3.945,21,U
3.945,20,U
3.945,19,U
3.945,18,U
3.945,28,U
3.945,17,U
3.945,15,U
3.945,14,U
3.945,13,U
3.945,12,U
3.945,45,U
3.945,50,U
3.945,67,U
3.945,53,U
3.945,54,U
3.945,57,U
3.945,16,U
3.945,29,U
3.945,52,U
3.945,31,U
3.945,64,U
3.945,61,U
3.945,30,U
3.945,59,U
3.945,55,U
3.945,51,U
3.945,49,U
3.945,48,U
3.945,47,U
3.945,46,U
3.945,44,U
3.945,8,U
3.945,42,U
3.945,41,U
3.945,40,U
3.945,39,U
3.945,38,U
3.945,37,U
3.945,36,U
3.945,35,U
3.945,32,U
3.945,33,U
3.945,43,U
3.945,34,U
3.9455,11,U
3.9455,10,U
3.9455,9,U
3.9455,8,U
3.9455,7,U
3.9455,6,U
3.9455,5,U
3.9455,4,U
3.9455,3,U
3.9455,2,U
3.946,2,U
3.946,3,U
3.946,4,U
3.946,5,U
3.946,6,U
3.946,7,U
3.946,11,U
3.946,10,U
3.946,9,U
3.946,8,U
3.9465,4,U
3.9465,3,U
3.9465,2,U
3.9465,11,U
3.9465,9,U
3.9465,10,U
3.9465,7,U
3.9465,6,U
3.9465,5,U
3.9465,8,U
3.947,2,U
3.947,3,U
3.947,5,U
3.947,6,U
3.947,7,U
3.947,8,U
3.947,9,U
3.947,10,U
3.947,11,U
3.947,4,U
3.9475,4,U
3.9475,3,U
3.9475,5,U
3.9475,6,U
3.9475,7,U
3.9475,8,U
3.9475,9,U
3.9475,10,U
3.9475,11,U
3.9475,2,U
3.948,11,U
3.948,10,U
3.948,9,U
3.948,8,U
3.948,5,U
3.948,6,U
3.948,4,U
3.948,3,U
3.948,2,U
3.948,7,U
3.9485,11,U
3.9485,10,U
3.9485,9,U
3.9485,7,U
3.9485,8,U
3.9485,5,U
3.9485,4,U
3.9485,3,U
3.9485,2,U
3.9485,6,U
3.949,11,U
3.949,9,U
3.949,8,U
3.949,7,U
3.949,10,U
3.949,5,U
3.949,4,U
3.949,3,U
3.949,2,U
3.949,6,U
3.9495,2,U
3.9495,3,U
3.9495,4,U
3.9495,5,U
3.9495,6,U
3.9495,7,U
3.9495,8,U
3.9495,9,U
3.9495,10,U
3.9495,11,U
3.95,44,U
3.95,6,U
3.95,3,U
3.95,20,U
3.95,21,U
3.95,22,U
3.95,23,U
3.95,24,U
3.95,25,U
3.95,26,U
3.95,27,U
3.95,28,U
3.95,29,U
3.95,30,U
3.95,31,U
3.95,32,U
3.95,33,U
3.95,34,U
3.95,35,U
3.95,36,U
3.95,37,U
3.95,38,U
3.95,39,U
3.95,40,U
3.95,41,U
3.95,42,U
3.95,19,U
3.95,18,U
3.95,17,U
3.95,16,U
3.95,69,U
3.95,67,U
3.95,66,U
3.95,63,U
3.95,59,U
3.95,53,U
3.95,76,U
3.95,61,U
3.95,60,U
3.95,58,U
3.95,57,U
3.95,43,U
3.95,56,U
3.95,52,U
3.95,51,U
3.95,50,U
3.95,49,U
3.95,48,U
3.95,47,U
3.95,46,U
3.95,12,U
3.95,13,U
3.95,14,U
3.95,15,U
3.95,54,U
3.95,2,U
3.95,79,U
3.95,11,U
3.95,4,U
3.95,5,U
3.95,45,U
3.95,7,U
3.95,8,U
3.95,9,U
3.95,10,U
3.9505,3,U
3.9505,11,U
3.9505,10,U
3.9505,2,U
3.9505,7,U
3.9505,6,U
3.9505,5,U
3.9505,8,U
3.9505,9,U
3.951,10,U
3.951,2,U
3.951,3,U
3.951,4,U
3.951,5,U
3.951,6,U
3.951,7,U
3.951,8,U
3.951,9,U
3.951,11,U
3.9515,3,U
3.9515,2,U
3.9515,11,U
3.9515,10,U
3.9515,9,U
3.9515,6,U
3.9515,7,U
3.9515,5,U
3.9515,4,U
3.9515,8,U
3.952,2,U
3.952,5,U
3.952,6,U
3.952,7,U
3.952,8,U
3.952,9,U
3.952,10,U
3.952,11,U
3.952,3,U
3.9525,8,U
3.9525,2,U
3.9525,3,U
3.9525,4,U
3.9525,5,U
3.9525,6,U
3.9525,7,U
3.9525,11,U
3.9525,9,U
3.9525,10,U
3.953,3,U
3.953,11,U
3.953,2,U
3.953,4,U
3.953,5,U
3.953,6,U
3.953,7,U
3.953,8,U
3.953,9,U
3.953,10,U
3.9535,9,U
3.9535,8,U
3.9535,7,U
3.9535,6,U
3.9535,3,U
3.9535,4,U
3.9535,2,U
3.9535,10,U
3.9535,5,U
3.9535,11,U
3.954,10,U
3.954,8,U
3.954,9,U
3.954,11,U
3.954,7,U
3.954,3,U
3.954,5,U
3.954,4,U
3.954,2,U
3.954,6,U
3.9545,11,U
3.9545,10,U
3.9545,9,U
3.9545,8,U
3.9545,7,U
3.9545,5,U
3.9545,4,U
3.9545,3,U
3.9545,6,U
3.955,9,U
3.955,15,U
3.955,14,U
3.955,13,U
3.955,12,U
3.955,8,U
3.955,70,U
3.955,6,U
3.955,5,U
3.955,4,U
3.955,3,U
3.955,2,U
3.955,16,U
3.955,7,U
3.955,17,U
3.955,18,U
3.955,19,U
3.955,48,U
3.955,49,U
3.955,50,U
3.955,51,U
3.955,52,U
3.955,54,U
3.955,56,U
3.955,57,U
3.955,58,U
3.955,60,U
3.955,61,U
3.955,63,U
3.955,64,U
3.955,65,U
3.955,67,U
3.955,68,U
3.955,72,U
3.955,75,U
3.955,77,U
3.955,10,U
3.955,11,U
3.955,78,U
3.955,73,U
3.955,47,U
3.955,46,U
3.955,45,U
3.955,44,U
3.955,20,U
3.955,21,U
3.955,22,U
3.955,23,U
3.955,24,U
3.955,25,U
3.955,26,U
3.955,27,U
3.955,28,U
3.955,29,U
3.955,30,U
3.955,66,U
3.955,31,U
3.955,33,U
3.955,34,U
3.955,35,U
3.955,36,U
3.955,37,U
3.955,38,U
3.955,39,U
3.955,40,U
3.955,41,U
3.955,42,U
3.955,43,U
3.955,32,U
3.955,53,U
3.9555,8,U
3.9555,9,U
3.9555,11,U
3.9555,10,U
3.9555,7,U
3.9555,6,U
3.9555,4,U
3.9555,3,U
3.9555,5,U
3.9555,2,U
3.956,6,U
3.956,4,U
3.956,7,U
3.956,8,U
3.956,11,U
3.956,9,U
3.956,10,U
3.956,2,U
3.956,3,U
3.956,5,U
3.9565,9,U
3.9565,7,U
3.9565,8,U
3.9565,10,U
3.9565,11,U
3.9565,6,U
3.9565,5,U
3.9565,4,U
3.9565,2,U
3.9565,3,U
3.957,8,U
3.957,10,U
3.957,9,U
3.957,7,U
3.957,6,U
3.957,5,U
3.957,4,U
3.957,3,U
3.957,2,U
3.957,11,U
3.9575,5,U
3.9575,6,U
3.9575,7,U
3.9575,8,U
3.9575,9,U
3.9575,10,U
3.9575,4,U
3.9575,11,U
3.9575,2,U
3.9575,3,U
3.958,10,U
3.958,9,U
3.958,5,U
3.958,8,U
3.958,7,U
3.958,6,U
3.958,4,U
3.958,3,U
3.958,2,U
3.958,11,U
3.9585,6,U
3.9585,8,U
3.9585,9,U
3.9585,10,U
3.9585,11,U
3.9585,5,U
3.9585,4,U
3.9585,7,U
3.9585,2,U
3.9585,3,U
3.959,10,U
3.959,9,U
3.959,8,U
3.959,7,U
3.959,6,U
3.959,5,U
3.959,4,U
3.959,3,U
3.959,2,U
3.959,11,U
3.9595,5,U
3.9595,6,U
3.9595,8,U
3.9595,9,U
3.9595,10,U
3.9595,11,U
3.9595,4,U
3.9595,7,U
3.9595,2,U
3.9595,3,U
3.96,71,U
3.96,73,U
3.96,27,U
3.96,26,U
3.96,25,U
3.96,24,U
3.96,23,U
3.96,22,U
3.96,21,U
3.96,20,U
3.96,19,U
3.96,18,U
3.96,16,U
3.96,15,U
3.96,14,U
3.96,55,U
3.96,67,U
3.96,12,U
3.96,13,U
3.96,58,U
3.96,59,U
3.96,70,U
3.96,72,U
3.96,17,U
3.96,63,U
3.96,56,U
3.96,60,U
3.96,49,U
3.96,48,U
3.96,47,U
3.96,46,U
3.96,45,U
3.96,75,U
3.96,44,U
3.96,43,U
3.96,42,U
3.96,41,U
3.96,40,U
3.96,62,U
3.96,39,U
3.96,37,U
3.96,36,U
3.96,35,U
3.96,34,U
3.96,33,U
3.96,32,U
3.96,31,U
3.96,30,U
3.96,29,U
3.96,28,U
3.96,57,U
3.96,38,U
3.96,77,U
3.96,6,U
3.96,51,U
3.96,11,U
3.96,10,U
3.96,8,U
3.96,7,U
3.96,50,U
3.96,5,U
3.96,4,U
3.96,9,U
3.96,2,U
3.96,80,U
3.96,78,U
3.96,52,U
3.96,53,U
3.96,54,U
3.96,3,U
3.9605,9,U
3.9605,8,U
3.9605,7,U
3.9605,6,U
3.9605,3,U
3.9605,4,S
3.9605,4,U
3.9605,2,U
3.9605,10,U
3.9605,5,U
3.9605,11,U
3.961,2,U
3.961,4,U
3.961,5,U
3.961,6,U
3.961,7,U
3.961,8,U
3.961,9,U
3.961,10,U
3.961,11,U
3.961,3,U
3.9615,7,U
3.9615,11,U
3.9615,10,U
3.9615,9,U
3.9615,8,U
3.9615,4,U
3.9615,5,U
3.9615,3,U
3.9615,2,U
3.9615,6,U
3.962,7,U
3.962,10,U
3.962,11,U
3.962,6,U
3.962,8,U
3.962,4,U
3.962,3,U
3.962,2,U
3.962,5,U
3.962,9,U
3.9625,7,U
3.9625,8,U
3.9625,3,U
3.9625,4,U
3.9625,5,U
3.9625,6,U
3.9625,2,U
3.9625,9,U
3.9625,11,U
3.9625,10,U
3.963,7,U
3.963,4,U
3.963,9,U
3.963,10,U
3.963,11,U
3.963,3,U
3.963,2,U
3.963,6,U
3.963,8,U
3.963,5,U
3.9635,2,U
3.9635,3,U
3.9635,4,U
3.9635,5,U
3.9635,6,U
3.9635,7,U
3.9635,8,U
3.9635,9,U
3.9635,10,U
3.9635,11,U
3.964,11,U
3.964,2,U
3.964,3,U
3.964,4,U
3.964,5,U
3.964,6,U
3.964,7,U
3.964,10,U
3.964,9,U
3.964,8,U
3.9645,11,U
3.9645,10,U
3.9645,3,U
3.9645,9,U
3.9645,7,U
3.9645,2,U
3.9645,5,U
3.9645,4,U
3.9645,8,U
3.9645,6,U
3.965,29,U
3.965,30,U
3.965,31,U
3.965,28,U
3.965,32,U
3.965,33,U
3.965,34,U
3.965,35,U
3.965,36,U
3.965,22,U
3.965,26,U
3.965,25,U
3.965,24,U
3.965,23,U
3.965,37,U
3.965,21,U
3.965,20,U
3.965,19,U
3.965,18,U
3.965,17,U
3.965,16,U
3.965,15,U
3.965,14,U
3.965,27,U
3.965,38,U
3.965,62,U
3.965,40,U
3.965,59,U
3.965,58,U
3.965,56,U
3.965,55,U
3.965,64,U
3.965,65,U
3.965,66,U
3.965,67,U
3.965,54,U
3.965,53,U
3.965,52,U
3.965,39,U
3.965,51,U
3.965,63,U
3.965,13,U
3.965,68,U
3.965,49,U
3.965,48,U
3.965,46,U
3.965,45,U
3.965,44,U
3.965,43,U
3.965,42,U
3.965,41,U
3.965,50,U
3.965,12,U
3.965,6,U
3.965,79,U
3.965,71,U
3.965,60,U
3.965,47,U
3.965,11,U
3.965,10,U
3.965,9,U
3.965,8,U
3.965,7,U
3.965,74,U
3.965,5,U
3.965,4,U
3.965,3,U
3.965,2,U
3.965,73,U
3.965,77,U
3.965,80,U
3.9655,7,U
3.9655,2,U
3.9655,3,U
3.9655,4,U
3.9655,5,U
3.9655,6,U
3.9655,8,U
3.9655,9,U
3.9655,10,U
3.9655,11,U
3.966,2,U
3.966,3,U
3.966,5,U
3.966,6,U
3.966,7,U
3.966,8,U
3.966,9,U
3.966,10,U
3.966,11,U
3.966,4,U
3.9665,9,U
3.9665,6,U
3.9665,10,U
3.9665,5,U
3.9665,11,U
3.9665,3,U
3.9665,2,U
3.9665,8,U
3.9665,4,U
3.9665,7,U
3.967,2,U
3.967,3,U
3.967,4,U
3.967,5,U
3.967,6,U
3.967,7,U
3.967,8,U
3.967,9,U
3.967,10,U
3.967,11,U
3.9675,3,U
3.9675,11,U
3.9675,10,U
3.9675,9,U
3.9675,8,U
3.9675,4,U
3.9675,6,U
3.9675,5,U
3.9675,2,U
3.9675,7,U
3.968,9,U
3.968,2,U
3.968,3,U
3.968,4,U
3.968,5,U
3.968,6,U
3.968,7,U
3.968,8,U
3.968,10,U
3.968,11,U
3.9685,10,U
3.9685,2,U
3.9685,3,U
3.9685,4,U
3.9685,5,U
3.9685,6,U
3.9685,7,U
3.9685,8,U
3.9685,11,U
3.9685,9,U
3.969,8,U
3.969,2,U
3.969,3,U
3.969,4,U
3.969,5,U
3.969,6,U
3.969,7,U
3.969,11,U
3.969,9,U
3.969,10,U
3.9695,11,U
3.9695,4,U
3.9695,3,U
3.9695,5,U
3.9695,6,U
3.9695,7,U
3.9695,8,U
3.9695,9,U
3.9695,10,U
3.9695,2,U
3.97,72,U
3.97,71,U
3.97,17,U
3.97,68,U
3.97,65,U
3.97,64,U
3.97,63,U
3.97,62,U
3.97,61,U
3.97,60,U
3.97,59,U
3.97,58,U
3.97,57,U
3.97,66,U
3.97,74,U
3.97,69,U
3.97,56,U
3.97,2,U
3.97,3,U
3.97,4,U
3.97,5,U
3.97,6,U
3.97,7,U
3.97,8,U
3.97,9,U
3.97,10,U
3.97,11,U
3.97,76,U
3.97,70,U
3.97,67,U
3.97,75,U
3.97,55,U
3.97,16,U
3.97,53,U
3.97,30,U
3.97,29,U
3.97,28,U
3.97,27,U
3.97,26,U
3.97,25,U
3.97,24,U
3.97,23,U
3.97,22,U
3.97,21,U
3.97,20,U
3.97,54,U
3.97,18,U
3.97,12,U
3.97,13,U
3.97,14,U
3.97,15,U
3.97,31,U
3.97,32,U
3.97,19,U
3.97,34,U
3.97,52,U
3.97,51,U
3.97,50,U
3.97,49,U
3.97,48,U
3.97,47,U
3.97,46,U
3.97,44,U
3.97,45,U
3.97,42,U
3.97,41,U
3.97,40,U
3.97,39,U
3.97,38,U
3.97,37,U
3.97,36,U
3.97,35,U
3.97,43,U
3.97,33,U
3.9705,8,U
3.9705,11,U
3.9705,10,U
3.9705,9,U
3.9705,7,U
3.9705,5,U
3.9705,4,U
3.9705,3,U
3.9705,2,U
3.9705,6,U
3.971,11,U
3.971,10,U
3.971,8,U
3.971,7,U
3.971,9,U
3.971,5,U
3.971,4,U
3.971,3,U
3.971,2,U
3.971,6,U
3.9715,2,U
3.9715,3,U
3.9715,11,U
3.9715,10,U
3.9715,9,U
3.9715,8,U
3.9715,7,U
3.9715,6,U
3.9715,5,U
3.9715,4,U
3.972,3,U
3.972,5,U
3.972,6,U
3.972,7,U
3.972,8,U
3.972,9,U
3.972,10,U
3.972,11,U
3.972,4,U
3.972,2,U
3.9725,7,U
3.9725,2,U
3.9725,3,U
3.9725,4,U
3.9725,5,U
3.9725,6,U
3.9725,8,U
3.9725,9,U
3.9725,10,U
3.9725,11,U
3.973,11,U
3.973,3,U
3.973,9,U
3.973,8,U
3.973,7,U
3.973,10,U
3.973,5,U
3.973,4,U
3.973,6,U
3.973,2,U
3.9735,2,U
3.9735,4,U
3.9735,5,U
3.9735,6,U
3.9735,7,U
3.9735,8,U
3.9735,9,U
3.9735,10,U
3.9735,11,U
3.9735,3,U
3.974,3,U
3.974,2,U
3.974,4,U
3.974,5,U
3.974,6,U
3.974,7,U
3.974,8,U
3.974,9,U
3.974,11,U
3.974,10,U
3.9745,10,U
3.9745,11,U
3.9745,3,U
3.9745,4,U
3.9745,5,U
3.9745,6,U
3.9745,7,U
3.9745,8,U
3.9745,9,U
3.9745,2,U
3.975,48,U
3.975,49,U
3.975,50,U
3.975,51,U
3.975,52,U
3.975,53,U
3.975,54,U
3.975,3,U
3.975,58,U
3.975,56,U
3.975,57,U
3.975,59,U
3.975,60,U
3.975,61,U
3.975,62,U
3.975,47,U
3.975,55,U
3.975,46,U
3.975,23,U
3.975,44,U
3.975,4,U
3.975,5,U
3.975,6,U
3.975,7,U
3.975,65,U
3.975,13,U
3.975,14,U
3.975,15,U
3.975,16,U
3.975,17,U
3.975,18,U
3.975,19,U
3.975,20,U
3.975,21,U
3.975,22,U
3.975,25,U
3.975,24,U
3.975,26,U
3.975,28,U
3.975,43,U
3.975,42,U
3.975,41,U
3.975,40,U
3.975,39,U
3.975,38,U
3.975,37,U
3.975,36,U
3.975,35,U
3.975,34,U
3.975,33,U
3.975,32,U
3.975,31,U
3.975,30,U
3.975,29,U
3.975,27,U
3.975,45,U
3.975,12,U
3.975,63,U
3.975,77,U
3.975,73,U
3.975,2,U
3.975,11,U
3.975,10,U
3.975,9,U
3.975,8,U
3.975,81,U
3.975,80,U
3.975,79,U
3.975,64,U
3.975,76,U
3.975,75,U
3.975,74,U
3.975,72,U
3.975,71,U
3.975,70,U
3.975,69,U
3.975,66,U
3.975,67,U
3.975,78,U
3.975,68,U
3.9755,10,U
3.9755,9,U
3.9755,11,U
3.9755,7,U
3.9755,6,U
3.9755,5,U
3.9755,2,U
3.9755,3,U
3.9755,8,U
3.9755,4,U
3.976,11,U
3.976,10,U
3.976,9,U
3.976,7,U
3.976,6,U
3.976,5,U
3.976,2,U
3.976,3,U
3.976,4,U
3.976,8,U
3.9765,11,U
3.9765,9,U
3.9765,10,U
3.9765,7,U
3.9765,6,U
3.9765,5,U
3.9765,3,U
3.9765,2,U
3.9765,8,U
3.9765,4,U
3.977,2,U
3.977,3,U
3.977,4,U
3.977,5,U
3.977,6,U
3.977,7,U
3.977,8,U
3.977,9,U
3.977,10,U
3.977,11,U
3.9775,10,U
3.9775,11,U
3.9775,9,U
3.9775,8,U
3.9775,7,U
3.9775,6,U
3.9775,5,U
3.9775,4,U
3.9775,3,U
3.9775,2,U
3.978,11,U
3.978,10,U
3.978,9,U
3.978,7,U
3.978,6,U
3.978,8,U
3.978,4,U
3.978,3,U
3.978,2,U
3.978,5,U
3.9785,4,U
3.9785,2,U
3.9785,5,U
3.9785,3,U
3.9785,7,U
3.9785,8,U
3.9785,9,U
3.9785,10,U
3.9785,11,U
3.9785,6,U
3.979,11,U
3.979,9,U
3.979,8,U
3.979,7,U
3.979,6,U
3.979,10,U
3.979,4,U
3.979,3,U
3.979,2,U
3.979,5,U
3.9795,11,U
3.9795,10,U
3.9795,9,U
3.9795,8,U
3.9795,7,U
3.9795,6,U
3.9795,4,U
3.9795,3,U
3.9795,2,U
3.9795,5,U
3.98,73,U
3.98,69,U
3.98,70,U
3.98,71,U
3.98,72,U
3.98,74,U
3.98,80,U
3.98,76,U
3.98,77,U
3.98,78,U
3.98,79,U
3.98,81,U
3.98,68,U
3.98,75,U
3.98,67,U
3.98,58,U
3.98,65,U
3.98,18,U
3.98,17,U
3.98,16,U
3.98,15,U
3.98,14,U
3.98,13,U
3.98,12,U
3.98,19,U
3.98,42,U
3.98,44,U
3.98,45,U
3.98,52,U
3.98,46,U
3.98,47,U
3.98,48,U
3.98,49,U
3.98,43,U
3.98,20,U
3.98,21,U
3.98,22,U
3.98,39,U
3.98,38,U
3.98,37,U
3.98,36,U
3.98,35,U
3.98,34,U
3.98,33,U
3.98,32,U
3.98,31,U
3.98,30,U
3.98,29,U
3.98,28,U
3.98,27,U
3.98,26,U
3.98,25,U
3.98,24,U
3.98,23,U
3.98,50,U
3.98,40,U
3.98,41,U
3.98,5,U
3.98,11,U
3.98,10,U
3.98,9,U
3.98,8,U
3.98,7,U
3.98,6,U
3.98,4,U
3.98,2,U
3.98,51,U
3.98,53,U
3.98,3,U
3.98,55,U
3.98,64,U
3.98,63,U
3.98,54,U
3.98,61,U
3.98,60,U
3.98,62,U
3.98,66,U
3.98,57,U
3.98,56,U
3.98,59,U
3.9805,11,U
3.9805,9,U
3.9805,3,U
3.9805,4,U
3.9805,5,U
3.9805,6,U
3.9805,7,U
3.9805,8,U
3.9805,10,U
3.981,10,U
3.981,2,U
3.981,9,U
3.981,3,U
3.981,5,U
3.981,8,U
3.981,11,U
3.981,4,U
3.981,6,U
3.981,7,U
3.9815,3,U
3.9815,4,U
3.9815,5,U
3.9815,6,U
3.9815,8,U
3.9815,9,U
3.9815,10,U
3.9815,11,U
3.9815,7,U
3.982,2,U
3.982,3,U
3.982,4,U
3.982,7,U
3.982,8,U
3.982,9,U
3.982,10,U
3.982,11,U
3.982,6,U
3.982,5,U
3.9825,2,U
3.9825,3,U
3.9825,4,U
3.9825,5,U
3.9825,6,U
3.9825,7,U
3.9825,8,U
3.9825,9,U
3.9825,10,U
3.9825,11,U
3.983,9,U
3.983,8,U
3.983,7,U
3.983,6,U
3.983,5,U
3.983,4,U
3.983,3,U
3.983,2,U
3.983,11,U
3.983,10,U
3.9835,7,U
3.9835,3,U
3.9835,4,U
3.9835,5,U
3.9835,6,U
3.9835,10,U
3.9835,9,U
3.9835,11,U
3.9835,8,U
3.984,8,U
3.984,9,U
3.984,7,U
3.984,2,U
3.984,5,U
3.984,4,U
3.984,10,U
3.984,6,U
3.984,11,U
3.984,3,U
3.9845,3,U
3.9845,4,U
3.9845,11,U
3.9845,10,U
3.9845,9,U
3.9845,7,U
3.9845,6,U
3.9845,5,U
3.9845,2,U
3.9845,8,U
3.985,2,U
3.985,3,U
3.985,5,U
3.985,6,U
3.985,7,U
3.985,8,U
3.985,9,U
3.985,10,U
3.985,11,U
3.985,80,U
3.985,4,U
3.985,76,U
3.985,81,U
3.985,60,U
3.985,61,U
3.985,62,U
3.985,63,U
3.985,64,U
3.985,65,U
3.985,66,U
3.985,67,U
3.985,68,U
3.985,69,U
3.985,70,U
3.985,71,U
3.985,72,U
3.985,73,U
3.985,74,U
3.985,59,U
3.985,58,U
3.985,57,U
3.985,56,U
3.985,41,U
3.985,42,U
3.985,79,U
3.985,43,U
3.985,44,U
3.985,45,U
3.985,46,U
3.985,75,U
3.985,47,U
3.985,49,U
3.985,50,U
3.985,51,U
3.985,52,U
3.985,53,U
3.985,54,U
3.985,55,U
3.985,48,U
3.985,77,U
3.985,78,U
3.985,38,U
3.985,27,U
3.985,26,U
3.985,25,U
3.985,24,U
3.985,23,U
3.985,22,U
3.985,21,U
3.985,28,U
3.985,20,U
3.985,18,U
3.985,17,U
3.985,16,U
3.985,15,U
3.985,14,U
3.985,13,U
3.985,12,U
3.985,19,U
3.985,40,U
3.985,29,U
3.985,31,U
3.985,30,U
3.985,37,U
3.985,36,U
3.985,39,U
3.985,34,U
3.985,33,U
3.985,32,U
3.985,35,U
3.9855,2,U
3.9855,3,U
3.9855,5,U
3.9855,6,U
3.9855,7,U
3.9855,8,U
3.9855,9,U
3.9855,10,U
3.9855,11,U
3.9855,4,U
3.986,2,U
3.986,3,U
3.986,4,U
3.986,5,U
3.986,6,U
3.986,7,U
3.986,8,U
3.986,9,U
3.986,10,U
3.986,11,U
3.9865,8,U
3.9865,11,U
3.9865,10,U
3.9865,9,U
3.9865,7,U
3.9865,6,U
3.9865,5,U
3.9865,4,U
3.9865,3,U
3.9865,2,U
3.987,2,U
3.987,3,U
3.987,4,U
3.987,5,U
3.987,6,U
3.987,7,U
3.987,8,U
3.987,9,U
3.987,10,U
3.987,11,U
3.9875,2,U
3.9875,5,U
3.9875,3,U
3.9875,4,U
3.9875,8,U
3.9875,7,U
3.9875,9,U
3.9875,10,U
3.9875,11,U
3.9875,6,U
3.988,3,U
3.988,5,U
3.988,6,U
3.988,7,U
3.988,8,U
3.988,9,U
3.988,10,U
3.988,11,U
3.988,2,U
3.988,4,U
3.9885,10,U
3.9885,2,U
3.9885,11,U
3.9885,3,U
3.9885,4,U
3.9885,8,U
3.9885,6,U
3.9885,7,U
3.9885,9,U
3.9885,5,U
3.989,3,U
3.989,2,U
3.989,5,U
3.989,6,U
3.989,7,U
3.989,8,U
3.989,9,U
3.989,10,U
3.989,11,U
3.989,4,U
3.9895,11,U
3.9895,10,U
3.9895,9,U
3.9895,8,U
3.9895,7,U
3.9895,6,U
3.9895,5,U
3.9895,4,U
3.9895,3,U
3.9895,2,U
3.99,60,U
3.99,59,U
3.99,58,U
3.99,57,U
3.99,56,U
3.99,26,U
3.99,54,U
3.99,53,U
3.99,52,U
3.99,61,U
3.99,50,U
3.99,55,U
3.99,51,U
3.99,62,U
3.99,64,U
3.99,80,U
3.99,78,U
3.99,77,U
3.99,11,U
3.99,10,U
3.99,9,U
3.99,76,U
3.99,75,U
3.99,63,U
3.99,74,U
3.99,72,U
3.99,71,U
3.99,70,U
3.99,69,U
3.99,68,U
3.99,67,U
3.99,66,U
3.99,65,U
3.99,73,U
3.99,27,U
3.99,81,U
3.99,3,U
3.99,31,U
3.99,30,U
3.99,29,U
3.99,28,U
3.99,12,U
3.99,13,U
3.99,14,U
3.99,15,U
3.99,32,U
3.99,16,U
3.99,18,U
3.99,19,U
3.99,20,U
3.99,21,U
3.99,22,U
3.99,23,U
3.99,24,U
3.99,25,U
3.99,17,U
3.99,33,U
3.99,34,U
3.99,35,U
3.99,4,U
3.99,5,U
3.99,6,U
3.99,7,U
3.99,8,U
3.99,49,U
3.99,48,U
3.99,47,U
3.99,46,U
3.99,45,U
3.99,44,U
3.99,43,U
3.99,42,U
3.99,41,U
3.99,40,U
3.99,39,U
3.99,38,U
3.99,37,U
3.99,36,U
3.99,2,U
3.99,79,U
3.9905,8,U
3.9905,2,U
3.9905,3,U
3.9905,4,U
3.9905,5,U
3.9905,6,U
3.9905,7,U
3.9905,9,U
3.9905,10,U
3.9905,11,U
3.991,8,U
3.991,11,U
3.991,10,U
3.991,9,U
3.991,7,U
3.991,3,U
3.991,5,U
3.991,4,U
3.991,2,U
3.991,6,U
3.9915,11,U
3.9915,8,U
3.9915,10,U
3.9915,9,U
3.9915,7,U
3.9915,5,U
3.9915,4,U
3.9915,3,U
3.9915,2,U
3.9915,6,U
3.992,11,U
3.992,8,U
3.992,10,U
3.992,9,U
3.992,7,U
3.992,4,U
3.992,5,U
3.992,3,U
3.992,2,U
3.992,6,U
3.9925,10,U
3.9925,2,U
3.9925,3,U
3.9925,5,U
3.9925,6,U
3.9925,7,U
3.9925,8,U
3.9925,9,U
3.9925,11,U
3.9925,4,U
3.993,3,U
3.993,11,U
3.993,10,U
3.993,9,U
3.993,8,U
3.993,4,U
3.993,6,U
3.993,5,U
3.993,2,U
3.993,7,U
3.9935,11,U
3.9935,10,U
3.9935,8,U
3.9935,7,U
3.9935,9,U
3.9935,5,U
3.9935,4,U
3.9935,3,U
3.9935,2,U
3.9935,6,U
3.994,11,U
3.994,10,U
3.994,9,U
3.994,8,U
3.994,7,U
3.994,6,U
3.994,4,U
3.994,3,U
3.994,5,U
3.994,2,U
3.9945,11,U
3.9945,7,U
3.9945,10,U
3.9945,9,U
3.9945,8,U
3.9945,6,U
3.9945,4,U
3.9945,2,U
3.9945,5,U
3.9945,3,U
3.995,28,U
3.995,27,U
3.995,26,U
3.995,25,U
3.995,24,U
3.995,16,U
3.995,22,U
3.995,21,U
3.995,20,U
3.995,19,U
3.995,18,U
3.995,17,U
3.995,23,U
3.995,14,U
3.995,13,U
3.995,12,U
3.995,11,U
3.995,10,U
3.995,9,U
3.995,8,U
3.995,7,U
3.995,6,U
3.995,5,U
3.995,4,U
3.995,3,U
3.995,2,U
3.995,29,U
3.995,15,U
3.995,30,U
3.995,80,U
3.995,32,U
3.995,59,U
3.995,60,U
3.995,61,U
3.995,62,U
3.995,63,U
3.995,64,U
3.995,65,U
3.995,66,U
3.995,67,U
3.995,68,U
3.995,58,U
3.995,69,U
3.995,71,U
3.995,72,U
3.995,73,U
3.995,31,U
3.995,75,U
3.995,76,U
3.995,77,U
3.995,78,U
3.995,79,U
3.995,81,U
3.995,70,U
3.995,57,U
3.995,74,U
3.995,55,U
3.995,56,U
3.995,33,U
3.995,34,U
3.995,36,U
3.995,37,U
3.995,38,U
3.995,39,U
3.995,40,U
3.995,41,U
3.995,42,U
3.995,43,U
3.995,35,U
3.995,45,U
3.995,46,U
3.995,47,U
3.995,48,U
3.995,49,U
3.995,50,U
3.995,51,U
3.995,52,U
3.995,53,U
3.995,54,U
3.995,44,U
3.9955,10,U
3.9955,9,U
3.9955,8,U
3.9955,7,U
3.9955,5,U
3.9955,4,U
3.9955,3,U
3.9955,2,U
3.9955,6,U
3.9955,11,U
3.996,2,U
3.996,11,U
3.996,10,U
3.996,9,U
3.996,8,U
3.996,7,U
3.996,6,U
3.996,5,U
3.996,4,U
3.996,3,U
3.9965,4,U
3.9965,3,U
3.9965,5,U
3.9965,6,U
3.9965,7,U
3.9965,8,U
3.9965,9,U
3.9965,10,U
3.9965,11,U
3.9965,2,U
3.997,10,U
3.997,9,U
3.997,8,U
3.997,4,U
3.997,6,U
3.997,5,U
3.997,7,U
3.997,11,U
3.997,3,U
3.997,2,U
3.9975,4,U
3.9975,2,U
3.9975,3,U
3.9975,5,U
3.9975,6,U
3.9975,7,U
3.9975,8,U
3.9975,9,U
3.9975,10,U
3.9975,11,U
3.998,11,U
3.998,3,U
3.998,4,U
3.998,5,U
3.998,6,U
3.998,7,U
3.998,8,U
3.998,9,U
3.998,10,U
3.998,2,U
3.9985,2,U
3.9985,11,U
3.9985,10,U
3.9985,9,U
3.9985,6,U
3.9985,7,U
3.9985,5,U
3.9985,4,U
3.9985,3,U
3.9985,8,U
3.999,11,U
3.999,10,U
3.999,9,U
3.999,8,U
3.999,3,U
3.999,5,U
3.999,7,U
3.999,6,U
3.999,2,U
3.999,4,U
3.9995,2,U
3.9995,10,U
3.9995,9,U
3.9995,8,U
3.9995,11,U
3.9995,6,U
3.9995,5,U
3.9995,4,U
3.9995,3,U
3.9995,7,U
4.0,3,U
4.0,4,U
4.0,5,U
4.0,6,U
4.0,7,U
4.0,8,U
4.0,9,U
4.0,10,U
4.0,11,U
4.0,2,U
4.0,71,U
4.0,77,U
4.0,40,U
4.0,39,U
4.0,38,U
4.0,37,U
4.0,36,U
4.0,35,U
4.0,34,U
4.0,33,U
4.0,32,U
4.0,31,U
4.0,30,U
4.0,29,U
4.0,28,U
4.0,27,U
4.0,26,U
4.0,25,U
4.0,24,U
4.0,80,U
4.0,81,U
4.0,12,U
4.0,13,U
4.0,14,U
4.0,15,U
4.0,41,U
4.0,16,U
4.0,18,U
4.0,19,U
4.0,20,U
4.0,21,U
4.0,22,U
4.0,23,U
4.0,17,U
4.0,78,U
4.0,42,U
4.0,44,U
4.0,76,U
4.0,75,U
4.0,74,U
4.0,73,U
4.0,72,U
4.0,70,U
4.0,69,U
4.0,68,U
4.0,67,U
4.0,66,U
4.0,65,U
4.0,64,U
4.0,63,U
4.0,62,U
4.0,43,U
4.0,61,U
4.0,59,U
4.0,45,U
4.0,46,U
4.0,47,U
4.0,48,U
4.0,49,U
4.0,50,U
4.0,60,U
4.0,51,U
4.0,53,U
4.0,54,U
4.0,55,U
4.0,56,U
4.0,57,U
4.0,58,U
4.0,52,U
4.0,79,U
nu,periodo,
